1;true;CXX;A001;0;SRVC;1;
1;true;CXX;A001;10;SRVC;1;
1;true;CXX;A001;11;SRVC;2;
1;true;CXX;A001;12;SRVC;1;
1;true;CXX;A001;13;SRVC;2;
1;true;CXX;A001;14;SRVC;1;
1;true;CXX;A001;15;SRVC;2;
1;true;CXX;A001;1;SRVC;2;
1;true;CXX;A001;2;SRVC;1;
1;true;CXX;A001;3;SRVC;2;
1;true;CXX;A001;4;SRVC;1;
1;true;CXX;A001;5;SRVC;2;
1;true;CXX;A001;6;SRVC;1;
1;true;CXX;A001;7;SRVC;2;
1;true;CXX;A001;8;SRVC;1;
1;true;CXX;A001;9;SRVC;2;
1;true;CXX;A002;0;SRVC;1;
1;true;CXX;A002;1;SRVC;2;
1;true;CXX;A002;2;SRVC;1;
1;true;CXX;A002;3;SRVC;2;
1;true;CXX;A003;0;SRVC;1;
1;true;CXX;A003;10;SRVC;2;
1;true;CXX;A003;11;SRVC;1;
1;true;CXX;A003;12;SRVC;2;
1;true;CXX;A003;13;SRVC;2;
1;true;CXX;A003;1;SRVC;2;
1;true;CXX;A003;2;SRVC;1;
1;true;CXX;A003;3;SRVC;2;
1;true;CXX;A003;4;SRVC;1;
1;true;CXX;A003;5;SRVC;2;
1;true;CXX;A003;6;SRVC;2;
1;true;CXX;A003;7;SRVC;1;
1;true;CXX;A003;8;SRVC;2;
1;true;CXX;A003;9;SRVC;1;
1;true;CXX;A004;0;SRVC;1;
1;true;CXX;A004;1;SRVC;2;
1;true;CXX;A004;2;SRVC;1;
1;true;CXX;A004;3;SRVC;2;
1;true;CXX;A005;0;SRVC;1;
1;true;CXX;A005;10;SRVC;1;
1;true;CXX;A005;11;SRVC;1;
1;true;CXX;A005;12;SRVC;2;
1;true;CXX;A005;13;SRVC;1;
1;true;CXX;A005;14;SRVC;2;
1;true;CXX;A005;15;SRVC;1;
1;true;CXX;A005;16;SRVC;2;
1;true;CXX;A005;17;SRVC;1;
1;true;CXX;A005;18;SRVC;2;
1;true;CXX;A005;19;SRVC;1;
1;true;CXX;A005;1;SRVC;2;
1;true;CXX;A005;20;SRVC;2;
1;true;CXX;A005;21;SRVC;1;
1;true;CXX;A005;2;SRVC;1;
1;true;CXX;A005;3;SRVC;2;
1;true;CXX;A005;4;SRVC;1;
1;true;CXX;A005;5;SRVC;2;
1;true;CXX;A005;6;SRVC;1;
1;true;CXX;A005;7;SRVC;2;
1;true;CXX;A005;8;SRVC;1;
1;true;CXX;A005;9;SRVC;2;
1;true;CXX;A006;0;SRVC;1;
1;true;CXX;A006;10;SRVC;2;
1;true;CXX;A006;11;SRVC;1;
1;true;CXX;A006;12;SRVC;2;
1;true;CXX;A006;13;SRVC;1;
1;true;CXX;A006;1;SRVC;2;
1;true;CXX;A006;2;SRVC;1;
1;true;CXX;A006;3;SRVC;2;
1;true;CXX;A006;4;SRVC;1;
1;true;CXX;A006;5;SRVC;2;
1;true;CXX;A006;6;SRVC;1;
1;true;CXX;A006;7;SRVC;1;
1;true;CXX;A006;8;SRVC;2;
1;true;CXX;A006;9;SRVC;1;
1;true;CXX;A007;0;SRVC;1;
1;true;CXX;A007;10;SRVC;2;
1;true;CXX;A007;11;SRVC;1;
1;true;CXX;A007;12;SRVC;2;
1;true;CXX;A007;13;SRVC;2;
1;true;CXX;A007;1;SRVC;2;
1;true;CXX;A007;2;SRVC;1;
1;true;CXX;A007;3;SRVC;2;
1;true;CXX;A007;4;SRVC;1;
1;true;CXX;A007;5;SRVC;2;
1;true;CXX;A007;6;SRVC;2;
1;true;CXX;A007;7;SRVC;1;
1;true;CXX;A007;8;SRVC;2;
1;true;CXX;A007;9;SRVC;1;
1;true;CXX;A008;0;SRVC;1;
1;true;CXX;A008;1;SRVC;2;
1;true;CXX;A008;2;SRVC;1;
1;true;CXX;A008;3;SRVC;2;
1;true;CXX;A009;0;SRVC;1;
1;true;CXX;A009;1;SRVC;2;
1;true;CXX;A009;2;SRVC;1;
1;true;CXX;A009;3;SRVC;2;
1;true;CXX;A009;4;SRVC;1;
1;true;CXX;A009;5;SRVC;2;
1;true;CXX;A009;6;SRVC;1;
1;true;CXX;A009;7;SRVC;2;
1;true;CXX;A010;0;SRVC;1;
1;true;CXX;A010;1;SRVC;2;
1;true;CXX;A010;2;SRVC;1;
1;true;CXX;A010;3;SRVC;2;
1;true;CXX;A010;4;SRVC;1;
1;true;CXX;A010;5;SRVC;2;
1;true;CXX;A010;6;SRVC;1;
1;true;CXX;A010;7;SRVC;2;
1;true;CXX;A011;0;SRVC;1;
1;true;CXX;A011;1;SRVC;2;
1;true;CXX;A011;2;SRVC;1;
1;true;CXX;A011;3;SRVC;2;
1;true;CXX;A011;4;SRVC;1;
1;true;CXX;A011;5;SRVC;2;
1;true;CXX;A011;6;SRVC;1;
1;true;CXX;A011;7;SRVC;2;
1;true;CXX;A012;0;SRVC;1;
1;true;CXX;A012;1;SRVC;2;
1;true;CXX;A012;2;SRVC;1;
1;true;CXX;A012;3;SRVC;2;
1;true;CXX;A012;4;SRVC;1;
1;true;CXX;A012;5;SRVC;2;
1;true;CXX;A012;6;SRVC;1;
1;true;CXX;A012;7;SRVC;2;
1;true;CXX;A013;0;SRVC;1;
1;true;CXX;A013;1;SRVC;2;
1;true;CXX;A014;0;SRVC;1;
1;true;CXX;A014;10;SRVC;1;
1;true;CXX;A014;11;SRVC;2;
1;true;CXX;A014;12;SRVC;1;
1;true;CXX;A014;13;SRVC;2;
1;true;CXX;A014;14;SRVC;1;
1;true;CXX;A014;15;SRVC;2;
1;true;CXX;A014;16;SRVC;1;
1;true;CXX;A014;17;SRVC;2;
1;true;CXX;A014;18;SRVC;1;
1;true;CXX;A014;19;SRVC;2;
1;true;CXX;A014;1;SRVC;2;
1;true;CXX;A014;2;SRVC;1;
1;true;CXX;A014;3;SRVC;2;
1;true;CXX;A014;4;SRVC;1;
1;true;CXX;A014;5;SRVC;2;
1;true;CXX;A014;6;SRVC;1;
1;true;CXX;A014;7;SRVC;2;
1;true;CXX;A014;8;SRVC;1;
1;true;CXX;A014;9;SRVC;2;
1;true;CXX;A026;0;SRVC;1;
1;true;CXX;A026;10;SRVC;1;
1;true;CXX;A026;11;SRVC;2;
1;true;CXX;A026;1;SRVC;2;
1;true;CXX;A026;2;SRVC;1;
1;true;CXX;A026;3;SRVC;2;
1;true;CXX;A026;4;SRVC;1;
1;true;CXX;A026;5;SRVC;2;
1;true;CXX;A026;6;SRVC;1;
1;true;CXX;A026;7;SRVC;2;
1;true;CXX;A026;8;SRVC;1;
1;true;CXX;A026;9;SRVC;2;
1;true;CXX;A027;0;SRVC;1;
1;true;CXX;A027;1;SRVC;2;
1;true;CXX;A027;2;SRVC;1;
1;true;CXX;A027;3;SRVC;2;
1;true;CXX;A027;4;SRVC;1;
1;true;CXX;A027;5;SRVC;1;
1;true;CXX;A027;6;SRVC;2;
1;true;CXX;A027;7;SRVC;1;
1;true;CXX;A027;8;SRVC;2;
1;true;CXX;A027;9;SRVC;1;
1;true;CXX;A029;0;SRVC;1;
1;true;CXX;A029;1;SRVC;2;
1;true;CXX;A029;2;SRVC;2;
1;true;CXX;A029;3;SRVC;1;
1;true;CXX;A029;4;SRVC;2;
1;true;CXX;A029;5;SRVC;2;
1;true;CXX;A033;0;SRVC;1;
1;true;CXX;A033;10;SRVC;1;
1;true;CXX;A033;11;SRVC;1;
1;true;CXX;A033;12;SRVC;2;
1;true;CXX;A033;13;SRVC;1;
1;true;CXX;A033;14;SRVC;2;
1;true;CXX;A033;15;SRVC;1;
1;true;CXX;A033;16;SRVC;2;
1;true;CXX;A033;17;SRVC;1;
1;true;CXX;A033;18;SRVC;2;
1;true;CXX;A033;19;SRVC;1;
1;true;CXX;A033;1;SRVC;2;
1;true;CXX;A033;20;SRVC;2;
1;true;CXX;A033;21;SRVC;1;
1;true;CXX;A033;2;SRVC;1;
1;true;CXX;A033;3;SRVC;2;
1;true;CXX;A033;4;SRVC;1;
1;true;CXX;A033;5;SRVC;2;
1;true;CXX;A033;6;SRVC;1;
1;true;CXX;A033;7;SRVC;2;
1;true;CXX;A033;8;SRVC;1;
1;true;CXX;A033;9;SRVC;2;
1;true;CXX;A035;0;SRVC;1;
1;true;CXX;A035;1;SRVC;2;
1;true;CXX;A035;2;SRVC;1;
1;true;CXX;A035;3;SRVC;2;
1;true;CXX;A043;0;SRVC;1;
1;true;CXX;A043;10;SRVC;2;
1;true;CXX;A043;11;SRVC;1;
1;true;CXX;A043;12;SRVC;2;
1;true;CXX;A043;13;SRVC;1;
1;true;CXX;A043;1;SRVC;2;
1;true;CXX;A043;2;SRVC;1;
1;true;CXX;A043;3;SRVC;2;
1;true;CXX;A043;4;SRVC;1;
1;true;CXX;A043;5;SRVC;2;
1;true;CXX;A043;6;SRVC;1;
1;true;CXX;A043;7;SRVC;1;
1;true;CXX;A043;8;SRVC;2;
1;true;CXX;A043;9;SRVC;1;
1;true;CXX;A051;0;SRVC;1;
1;true;CXX;A051;1;SRVC;2;
1;true;CXX;A051;2;SRVC;1;
1;true;CXX;A051;3;SRVC;2;
1;true;CXX;A054;0;SRVC;1;
1;true;CXX;A054;1;SRVC;2;
1;true;CXX;A054;2;SRVC;1;
1;true;CXX;A054;3;SRVC;2;
1;true;CXX;A054;4;SRVC;1;
1;true;CXX;A054;5;SRVC;2;
1;true;CXX;A054;6;SRVC;1;
1;true;CXX;A054;7;SRVC;2;
1;true;CXX;A056;0;SRVC;1;
1;true;CXX;A056;1;SRVC;2;
1;true;CXX;A056;2;SRVC;2;
1;true;CXX;A056;3;SRVC;1;
1;true;CXX;A056;4;SRVC;2;
1;true;CXX;A056;5;SRVC;2;
1;true;CXX;A060;0;SRVC;1;
1;true;CXX;A060;10;SRVC;1;
1;true;CXX;A060;11;SRVC;2;
1;true;CXX;A060;12;SRVC;1;
1;true;CXX;A060;13;SRVC;2;
1;true;CXX;A060;14;SRVC;1;
1;true;CXX;A060;15;SRVC;2;
1;true;CXX;A060;16;SRVC;1;
1;true;CXX;A060;17;SRVC;2;
1;true;CXX;A060;18;SRVC;2;
1;true;CXX;A060;19;SRVC;2;
1;true;CXX;A060;1;SRVC;2;
1;true;CXX;A060;2;SRVC;1;
1;true;CXX;A060;3;SRVC;2;
1;true;CXX;A060;4;SRVC;1;
1;true;CXX;A060;5;SRVC;2;
1;true;CXX;A060;6;SRVC;1;
1;true;CXX;A060;7;SRVC;2;
1;true;CXX;A060;8;SRVC;2;
1;true;CXX;A060;9;SRVC;2;
1;true;CXX;A061;0;SRVC;1;
1;true;CXX;A061;1;SRVC;2;
1;true;CXX;A061;2;SRVC;1;
1;true;CXX;A061;3;SRVC;2;
1;true;CXX;A061;4;SRVC;1;
1;true;CXX;A061;5;SRVC;2;
1;true;CXX;A061;6;SRVC;1;
1;true;CXX;A061;7;SRVC;2;
1;true;CXX;A062;0;SRVC;1;
1;true;CXX;A062;1;SRVC;2;
1;true;CXX;A062;2;SRVC;1;
1;true;CXX;A062;3;SRVC;2;
1;true;CXX;A062;4;SRVC;2;
1;true;CXX;A062;5;SRVC;1;
1;true;CXX;A062;6;SRVC;2;
1;true;CXX;A062;7;SRVC;1;
1;true;CXX;A062;8;SRVC;2;
1;true;CXX;A062;9;SRVC;2;
1;true;CXX;A066;0;SRVC;1;
1;true;CXX;A066;1;SRVC;2;
1;true;CXX;A066;2;SRVC;1;
1;true;CXX;A066;3;SRVC;2;
1;true;CXX;A070;0;SRVC;1;
1;true;CXX;A070;1;SRVC;2;
1;true;CXX;A070;2;SRVC;1;
1;true;CXX;A070;3;SRVC;2;
1;true;CXX;A071;0;SRVC;1;
1;true;CXX;A071;1;SRVC;2;
1;true;CXX;A071;2;SRVC;1;
1;true;CXX;A071;3;SRVC;2;
1;true;CXX;A072;0;SRVC;1;
1;true;CXX;A072;1;SRVC;2;
1;true;CXX;A072;2;SRVC;1;
1;true;CXX;A072;3;SRVC;2;
1;true;CXX;A078;0;SRVC;1;
1;true;CXX;A078;1;SRVC;2;
1;true;CXX;A078;2;SRVC;1;
1;true;CXX;A078;3;SRVC;2;
1;true;CXX;A300;0;SRVC;1;
1;true;CXX;A300;10;SRVC;1;
1;true;CXX;A300;11;SRVC;2;
1;true;CXX;A300;12;SRVC;2;
1;true;CXX;A300;13;SRVC;1;
1;true;CXX;A300;14;SRVC;2;
1;true;CXX;A300;15;SRVC;1;
1;true;CXX;A300;16;SRVC;2;
1;true;CXX;A300;17;SRVC;1;
1;true;CXX;A300;18;SRVC;2;
1;true;CXX;A300;19;SRVC;1;
1;true;CXX;A300;1;SRVC;2;
1;true;CXX;A300;20;SRVC;2;
1;true;CXX;A300;21;SRVC;1;
1;true;CXX;A300;22;SRVC;2;
1;true;CXX;A300;23;SRVC;1;
1;true;CXX;A300;24;SRVC;2;
1;true;CXX;A300;25;SRVC;2;
1;true;CXX;A300;2;SRVC;1;
1;true;CXX;A300;3;SRVC;2;
1;true;CXX;A300;4;SRVC;1;
1;true;CXX;A300;5;SRVC;2;
1;true;CXX;A300;6;SRVC;1;
1;true;CXX;A300;7;SRVC;2;
1;true;CXX;A300;8;SRVC;1;
1;true;CXX;A300;9;SRVC;2;
1;true;CXX;A331;0;SRVC;1;
1;true;CXX;A331;10;SRVC;1;
1;true;CXX;A331;11;SRVC;2;
1;true;CXX;A331;12;SRVC;1;
1;true;CXX;A331;13;SRVC;2;
1;true;CXX;A331;14;SRVC;1;
1;true;CXX;A331;15;SRVC;2;
1;true;CXX;A331;16;SRVC;1;
1;true;CXX;A331;17;SRVC;2;
1;true;CXX;A331;18;SRVC;1;
1;true;CXX;A331;19;SRVC;2;
1;true;CXX;A331;1;SRVC;2;
1;true;CXX;A331;20;SRVC;1;
1;true;CXX;A331;21;SRVC;2;
1;true;CXX;A331;22;SRVC;1;
1;true;CXX;A331;23;SRVC;2;
1;true;CXX;A331;24;SRVC;1;
1;true;CXX;A331;25;SRVC;2;
1;true;CXX;A331;26;SRVC;1;
1;true;CXX;A331;27;SRVC;2;
1;true;CXX;A331;28;SRVC;1;
1;true;CXX;A331;29;SRVC;2;
1;true;CXX;A331;2;SRVC;1;
1;true;CXX;A331;30;SRVC;1;
1;true;CXX;A331;31;SRVC;2;
1;true;CXX;A331;32;SRVC;1;
1;true;CXX;A331;33;SRVC;1;
1;true;CXX;A331;3;SRVC;2;
1;true;CXX;A331;4;SRVC;1;
1;true;CXX;A331;5;SRVC;2;
1;true;CXX;A331;6;SRVC;1;
1;true;CXX;A331;7;SRVC;2;
1;true;CXX;A331;8;SRVC;1;
1;true;CXX;A331;9;SRVC;2;
1;true;CXX;A352;0;SRVC;1;
1;true;CXX;A352;1;SRVC;2;
1;true;CXX;A352;2;SRVC;1;
1;true;CXX;A352;3;SRVC;2;
1;true;CXX;A524;0;SRVC;1;
1;true;CXX;A524;1;SRVC;2;
1;true;CXX;A524;2;SRVC;1;
1;true;CXX;A524;3;SRVC;2;
1;true;CXX;A525;0;SRVC;1;
1;true;CXX;A525;1;SRVC;2;
1;true;CXX;A526;0;SRVC;1;
1;true;CXX;A526;1;SRVC;2;
1;true;CXX;A556;0;SRVC;1;
1;true;CXX;A556;1;SRVC;2;
1;true;CXX;A560;0;SRVC;1;
1;true;CXX;A560;1;SRVC;2;
1;true;CXX;A566;0;SRVC;1;
1;true;CXX;A566;1;SRVC;2;
1;true;CXX;A589;0;SRVC;1;
1;true;CXX;A590;0;SRVC;1;
1;true;CXX;C144;0;SRVC;1;
1;true;CXX;C144;1;SRVC;2;
1;true;CXX;C144;2;SRVC;1;
1;true;CXX;E625;0;SRVC;1;
1;true;CXX;E625;1;SRVC;2;
1;true;CXX;F021;0;SRVC;1;
1;true;CXX;F022;0;SRVC;2;
1;true;CXX;F032;0;SRVC;1;
1;true;CXX;F032;1;SRVC;1;
1;true;CXX;F100;0;SRVC;1;
1;true;CXX;F100;10;SRVC;2;
1;true;CXX;F100;11;SRVC;1;
1;true;CXX;F100;12;SRVC;2;
1;true;CXX;F100;13;SRVC;1;
1;true;CXX;F100;14;SRVC;2;
1;true;CXX;F100;15;SRVC;1;
1;true;CXX;F100;16;SRVC;1;
1;true;CXX;F100;17;SRVC;1;
1;true;CXX;F100;1;SRVC;2;
1;true;CXX;F100;2;SRVC;1;
1;true;CXX;F100;3;SRVC;2;
1;true;CXX;F100;4;SRVC;1;
1;true;CXX;F100;5;SRVC;2;
1;true;CXX;F100;6;SRVC;1;
1;true;CXX;F100;7;SRVC;2;
1;true;CXX;F100;8;SRVC;1;
1;true;CXX;F100;9;SRVC;1;
1;true;CXX;F101;0;SRVC;1;
1;true;CXX;F101;1;SRVC;2;
1;true;CXX;F101;2;SRVC;1;
1;true;CXX;F101;3;SRVC;2;
1;true;CXX;F104;0;SRVC;1;
1;true;CXX;F104;1;SRVC;1;
1;true;CXX;F104;2;SRVC;1;
1;true;CXX;F104;3;SRVC;1;
1;true;CXX;F104;4;SRVC;1;
1;true;CXX;F104;5;SRVC;1;
1;true;CXX;F104;6;SRVC;1;
1;true;CXX;F104;7;SRVC;1;
1;true;CXX;F104;8;SRVC;1;
1;true;CXX;F104;9;SRVC;1;
1;true;CXX;F105;0;SRVC;1;
1;true;CXX;F105;1;SRVC;2;
1;true;CXX;F105;2;SRVC;1;
1;true;CXX;F105;3;SRVC;2;
1;true;CXX;F106;0;SRVC;1;
1;true;CXX;F106;1;SRVC;2;
1;true;CXX;F106;2;SRVC;1;
1;true;CXX;F106;3;SRVC;2;
1;true;CXX;F106;4;SRVC;1;
1;true;CXX;F106;5;SRVC;2;
1;true;CXX;F106;6;SRVC;1;
1;true;CXX;F106;7;SRVC;2;
1;true;CXX;F107;0;SRVC;1;
1;true;CXX;F107;1;SRVC;2;
1;true;CXX;F107;2;SRVC;1;
1;true;CXX;F107;3;SRVC;2;
1;true;CXX;F108;0;SRVC;1;
1;true;CXX;F108;1;SRVC;2;
1;true;CXX;F108;2;SRVC;1;
1;true;CXX;F108;3;SRVC;1;
1;true;CXX;F108;4;SRVC;2;
1;true;CXX;F108;5;SRVC;1;
1;true;CXX;F109;0;SRVC;1;
1;true;CXX;F109;10;SRVC;1;
1;true;CXX;F109;11;SRVC;1;
1;true;CXX;F109;1;SRVC;2;
1;true;CXX;F109;2;SRVC;1;
1;true;CXX;F109;3;SRVC;2;
1;true;CXX;F109;4;SRVC;1;
1;true;CXX;F109;5;SRVC;1;
1;true;CXX;F109;6;SRVC;1;
1;true;CXX;F109;7;SRVC;2;
1;true;CXX;F109;8;SRVC;1;
1;true;CXX;F109;9;SRVC;2;
1;true;CXX;F110;0;SRVC;1;
1;true;CXX;F110;1;SRVC;2;
1;true;CXX;F110;2;SRVC;1;
1;true;CXX;F110;3;SRVC;1;
1;true;CXX;F110;4;SRVC;1;
1;true;CXX;F110;5;SRVC;2;
1;true;CXX;F110;6;SRVC;1;
1;true;CXX;F110;7;SRVC;1;
1;true;CXX;F140;0;SRVC;1;
1;true;CXX;F140;1;SRVC;2;
1;true;CXX;F142;0;SRVC;1;
1;true;CXX;F142;10;SRVC;2;
1;true;CXX;F142;11;SRVC;1;
1;true;CXX;F142;1;SRVC;2;
1;true;CXX;F142;2;SRVC;1;
1;true;CXX;F142;3;SRVC;2;
1;true;CXX;F142;4;SRVC;1;
1;true;CXX;F142;5;SRVC;2;
1;true;CXX;F142;6;SRVC;1;
1;true;CXX;F142;7;SRVC;1;
1;true;CXX;F142;8;SRVC;2;
1;true;CXX;F142;9;SRVC;1;
1;true;CXX;F143;0;SRVC;1;
1;true;CXX;F143;1;SRVC;2;
1;true;CXX;F145;0;SRVC;1;
1;true;CXX;F145;1;SRVC;2;
1;true;CXX;F145;2;SRVC;1;
1;true;CXX;F145;3;SRVC;2;
1;true;CXX;F146;0;SRVC;1;
1;true;CXX;F146;10;SRVC;2;
1;true;CXX;F146;11;SRVC;1;
1;true;CXX;F146;12;SRVC;2;
1;true;CXX;F146;13;SRVC;1;
1;true;CXX;F146;14;SRVC;2;
1;true;CXX;F146;15;SRVC;2;
1;true;CXX;F146;1;SRVC;2;
1;true;CXX;F146;2;SRVC;1;
1;true;CXX;F146;3;SRVC;2;
1;true;CXX;F146;4;SRVC;1;
1;true;CXX;F146;5;SRVC;2;
1;true;CXX;F146;6;SRVC;1;
1;true;CXX;F146;7;SRVC;2;
1;true;CXX;F146;8;SRVC;1;
1;true;CXX;F146;9;SRVC;1;
1;true;CXX;F147;0;SRVC;1;
1;true;CXX;F147;1;SRVC;2;
1;true;CXX;F147;2;SRVC;1;
1;true;CXX;F147;3;SRVC;1;
1;true;CXX;F147;4;SRVC;2;
1;true;CXX;F148;0;SRVC;1;
1;true;CXX;F148;1;SRVC;2;
1;true;CXX;F149;0;SRVC;1;
1;true;CXX;F149;1;SRVC;2;
1;true;CXX;F159;0;SRVC;1;
1;true;CXX;F159;1;SRVC;2;
1;true;CXX;F159;2;SRVC;1;
1;true;CXX;F159;3;SRVC;2;
1;true;CXX;F159;4;SRVC;1;
1;true;CXX;F160;0;SRVC;1;
1;true;CXX;F160;1;SRVC;2;
1;true;CXX;F163;0;SRVC;1;
1;true;CXX;F163;1;SRVC;2;
1;true;CXX;F164;0;SRVC;1;
1;true;CXX;F202;0;SRVC;1;
1;true;CXX;F202;1;SRVC;2;
1;true;CXX;F202;2;SRVC;1;
1;true;CXX;F202;3;SRVC;2;
1;true;CXX;F209;0;SRVC;1;
1;true;CXX;F209;1;SRVC;2;
1;true;CXX;F209;2;SRVC;1;
1;true;CXX;F209;3;SRVC;1;
1;true;CXX;F209;4;SRVC;1;
1;true;CXX;F210;0;SRVC;1;
1;true;CXX;F210;1;SRVC;2;
1;true;CXX;F210;2;SRVC;1;
1;true;CXX;F210;3;SRVC;2;
1;true;CXX;F301;0;SRVC;1;
1;true;CXX;F301;1;SRVC;1;
1;true;CXX;F301;2;SRVC;1;
1;true;CXX;F301;3;SRVC;1;
1;true;CXX;F302;0;SRVC;1;
1;true;CXX;F302;1;SRVC;1;
1;true;CXX;F303;0;SRVC;1;
1;true;CXX;F303;1;SRVC;2;
1;true;CXX;F303;2;SRVC;1;
1;true;CXX;F303;3;SRVC;2;
1;true;CXX;F320;0;SRVC;1;
1;true;CXX;F320;10;SRVC;1;
1;true;CXX;F320;11;SRVC;2;
1;true;CXX;F320;12;SRVC;1;
1;true;CXX;F320;13;SRVC;2;
1;true;CXX;F320;14;SRVC;1;
1;true;CXX;F320;15;SRVC;2;
1;true;CXX;F320;16;SRVC;1;
1;true;CXX;F320;17;SRVC;2;
1;true;CXX;F320;18;SRVC;2;
1;true;CXX;F320;1;SRVC;2;
1;true;CXX;F320;2;SRVC;1;
1;true;CXX;F320;3;SRVC;2;
1;true;CXX;F320;4;SRVC;1;
1;true;CXX;F320;5;SRVC;2;
1;true;CXX;F320;6;SRVC;1;
1;true;CXX;F320;7;SRVC;2;
1;true;CXX;F320;8;SRVC;1;
1;true;CXX;F320;9;SRVC;2;
1;true;CXX;F602;0;SRVC;2;
1;true;CXX;F602;1;SRVC;2;
1;true;CXX;F609;0;SRVC;2;
1;true;CXX;F609;1;SRVC;2;
1;true;CXX;F663;0;SRVC;1;
1;true;CXX;F663;1;SRVC;2;
1;true;CXX;G011;0;SRVC;1;
1;true;CXX;G011;1;SRVC;2;
1;true;CXX;G141;0;SRVC;1;
1;true;CXX;G141;1;SRVC;2;
1;true;CXX;G141;2;SRVC;1;
1;true;CXX;G141;3;SRVC;2;
1;true;CXX;G141;4;SRVC;1;
1;true;CXX;G141;5;SRVC;2;
1;true;CXX;G141;6;SRVC;2;
1;true;CXX;G506;0;SRVC;1;
1;true;CXX;G506;1;SRVC;2;
1;true;CXX;G506;2;SRVC;1;
1;true;CXX;G506;3;SRVC;2;
1;true;CXX;G641;0;SRVC;1;
1;true;CXX;G641;1;SRVC;2;
1;true;CXX;G641;2;SRVC;1;
1;true;CXX;G641;3;SRVC;2;
1;true;CXX;G681;0;SRVC;1;
1;true;CXX;G681;1;SRVC;2;
1;true;CXX;G681;2;SRVC;1;
1;true;CXX;G681;3;SRVC;2;
1;true;CXX;G681;4;SRVC;1;
1;true;CXX;G681;5;SRVC;1;
1;true;CXX;G681;6;SRVC;2;
1;true;CXX;G681;7;SRVC;1;
1;true;CXX;G681;8;SRVC;2;
1;true;CXX;G681;9;SRVC;1;
1;true;CXX;H001;0;SRVC;1;
1;true;CXX;H001;1;SRVC;2;
1;true;CXX;H001;2;SRVC;1;
1;true;CXX;H001;3;SRVC;2;
1;true;CXX;H002;0;SRVC;1;
1;true;CXX;H002;1;SRVC;2;
1;true;CXX;H002;2;SRVC;1;
1;true;CXX;H002;3;SRVC;2;
1;true;CXX;H002;4;SRVC;1;
1;true;CXX;H002;5;SRVC;2;
1;true;CXX;H002;6;SRVC;1;
1;true;CXX;H002;7;SRVC;2;
1;true;CXX;H003;0;SRVC;1;
1;true;CXX;H003;1;SRVC;2;
1;true;CXX;H003;2;SRVC;1;
1;true;CXX;H003;3;SRVC;2;
1;true;CXX;H004;0;SRVC;1;
1;true;CXX;H004;1;SRVC;2;
1;true;CXX;H004;2;SRVC;1;
1;true;CXX;H004;3;SRVC;2;
1;true;CXX;H008;0;SRVC;1;
1;true;CXX;H008;1;SRVC;2;
1;true;CXX;H008;2;SRVC;1;
1;true;CXX;H008;3;SRVC;2;
1;true;CXX;H010;0;SRVC;1;
1;true;CXX;H010;1;SRVC;2;
1;true;CXX;H010;2;SRVC;1;
1;true;CXX;H010;3;SRVC;2;
1;true;CXX;H011;0;SRVC;1;
1;true;CXX;H011;1;SRVC;2;
1;true;CXX;H011;2;SRVC;1;
1;true;CXX;H011;3;SRVC;2;
1;true;CXX;H014;0;SRVC;1;
1;true;CXX;H014;1;SRVC;1;
1;true;CXX;H028;0;SRVC;1;
1;true;CXX;H028;1;SRVC;2;
1;true;CXX;H028;2;SRVC;1;
1;true;CXX;H028;3;SRVC;2;
1;true;CXX;H028;4;SRVC;1;
1;true;CXX;H028;5;SRVC;2;
1;true;CXX;H028;6;SRVC;2;
1;true;CXX;H030;0;SRVC;1;
1;true;CXX;H030;1;SRVC;2;
1;true;CXX;H030;2;SRVC;1;
1;true;CXX;H030;3;SRVC;2;
1;true;CXX;H030;4;SRVC;1;
1;true;CXX;H030;5;SRVC;2;
1;true;CXX;H030;6;SRVC;1;
1;true;CXX;H030;7;SRVC;2;
1;true;CXX;H031;0;SRVC;1;
1;true;CXX;H031;1;SRVC;2;
1;true;CXX;H031;2;SRVC;1;
1;true;CXX;H031;3;SRVC;2;
1;true;CXX;H033;0;SRVC;1;
1;true;CXX;H033;1;SRVC;2;
1;true;CXX;H033;2;SRVC;1;
1;true;CXX;H033;3;SRVC;2;
1;true;CXX;H034;0;SRVC;1;
1;true;CXX;H034;1;SRVC;2;
1;true;CXX;H034;2;SRVC;1;
1;true;CXX;H034;3;SRVC;2;
1;true;CXX;H123;0;SRVC;1;
1;true;CXX;H123;1;SRVC;2;
1;true;CXX;H123;2;SRVC;1;
1;true;CXX;H123;3;SRVC;2;
1;true;CXX;H128;0;SRVC;1;
1;true;CXX;H128;1;SRVC;2;
1;true;CXX;H128;2;SRVC;1;
1;true;CXX;H128;3;SRVC;2;
1;true;CXX;H129;0;SRVC;1;
1;true;CXX;H129;1;SRVC;2;
1;true;CXX;H129;2;SRVC;1;
1;true;CXX;H129;3;SRVC;2;
1;true;CXX;H132;0;SRVC;1;
1;true;CXX;H132;1;SRVC;2;
1;true;CXX;H132;2;SRVC;1;
1;true;CXX;H132;3;SRVC;2;
1;true;CXX;H132;4;SRVC;1;
1;true;CXX;H132;5;SRVC;2;
1;true;CXX;H133;0;SRVC;1;
1;true;CXX;H133;1;SRVC;2;
1;true;CXX;H133;2;SRVC;1;
1;true;CXX;H133;3;SRVC;2;
1;true;CXX;H134;0;SRVC;1;
1;true;CXX;H134;1;SRVC;2;
1;true;CXX;H134;2;SRVC;1;
1;true;CXX;H134;3;SRVC;2;
1;true;CXX;H135;0;SRVC;1;
1;true;CXX;H135;1;SRVC;2;
1;true;CXX;H135;2;SRVC;1;
1;true;CXX;H135;3;SRVC;2;
1;true;CXX;H136;0;SRVC;1;
1;true;CXX;H136;1;SRVC;2;
1;true;CXX;H136;2;SRVC;1;
1;true;CXX;H136;3;SRVC;2;
1;true;CXX;H136;4;SRVC;1;
1;true;CXX;H136;5;SRVC;2;
1;true;CXX;H136;6;SRVC;1;
1;true;CXX;H136;7;SRVC;2;
1;true;CXX;H139;0;SRVC;1;
1;true;CXX;H139;1;SRVC;2;
1;true;CXX;H139;2;SRVC;1;
1;true;CXX;H139;3;SRVC;2;
1;true;CXX;H139;4;SRVC;1;
1;true;CXX;H139;5;SRVC;2;
1;true;CXX;H139;6;SRVC;1;
1;true;CXX;H139;7;SRVC;2;
1;true;CXX;H151;0;SRVC;1;
1;true;CXX;H151;1;SRVC;2;
1;true;CXX;H151;2;SRVC;1;
1;true;CXX;H151;3;SRVC;1;
1;true;CXX;H151;4;SRVC;2;
1;true;CXX;H151;5;SRVC;1;
1;true;CXX;H151;6;SRVC;2;
1;true;CXX;H151;7;SRVC;2;
1;true;CXX;H152;0;SRVC;1;
1;true;CXX;H152;1;SRVC;1;
1;true;CXX;H156;0;SRVC;1;
1;true;CXX;H156;1;SRVC;2;
1;true;CXX;H156;2;SRVC;1;
1;true;CXX;H156;3;SRVC;2;
1;true;CXX;H157;0;SRVC;1;
1;true;CXX;H157;1;SRVC;2;
1;true;CXX;H157;2;SRVC;1;
1;true;CXX;H157;3;SRVC;2;
1;true;CXX;H157;4;SRVC;1;
1;true;CXX;H157;5;SRVC;2;
1;true;CXX;H160;0;SRVC;1;
1;true;CXX;H160;1;SRVC;2;
1;true;CXX;H160;2;SRVC;1;
1;true;CXX;H160;3;SRVC;2;
1;true;CXX;H162;0;SRVC;1;
1;true;CXX;H162;1;SRVC;2;
1;true;CXX;H162;2;SRVC;1;
1;true;CXX;H162;3;SRVC;2;
1;true;CXX;H163;0;SRVC;1;
1;true;CXX;H163;1;SRVC;2;
1;true;CXX;H163;2;SRVC;1;
1;true;CXX;H163;3;SRVC;2;
1;true;CXX;H164;0;SRVC;1;
1;true;CXX;H164;1;SRVC;2;
1;true;CXX;H164;2;SRVC;1;
1;true;CXX;H164;3;SRVC;2;
1;true;CXX;H165;0;SRVC;1;
1;true;CXX;H165;1;SRVC;2;
1;true;CXX;H165;2;SRVC;1;
1;true;CXX;H165;3;SRVC;2;
1;true;CXX;H165;4;SRVC;1;
1;true;CXX;H166;0;SRVC;1;
1;true;CXX;H166;1;SRVC;2;
1;true;CXX;H166;2;SRVC;1;
1;true;CXX;H166;3;SRVC;2;
1;true;CXX;H167;0;SRVC;1;
1;true;CXX;H167;1;SRVC;2;
1;true;CXX;H167;2;SRVC;1;
1;true;CXX;H167;3;SRVC;2;
1;true;CXX;H169;0;SRVC;1;
1;true;CXX;H169;1;SRVC;2;
1;true;CXX;H169;2;SRVC;1;
1;true;CXX;H169;3;SRVC;2;
1;true;CXX;H232;0;SRVC;1;
1;true;CXX;H232;1;SRVC;2;
1;true;CXX;H232;2;SRVC;1;
1;true;CXX;H232;3;SRVC;2;
1;true;CXX;H250;0;SRVC;2;
1;true;CXX;H250;1;SRVC;2;
1;true;CXX;H250;2;SRVC;2;
1;true;CXX;H250;3;SRVC;2;
1;true;CXX;H251;0;SRVC;1;
1;true;CXX;H251;1;SRVC;2;
1;true;CXX;H260;0;SRVC;1;
1;true;CXX;H260;1;SRVC;2;
1;true;CXX;H260;2;SRVC;1;
1;true;CXX;H260;3;SRVC;2;
1;true;CXX;H269;0;SRVC;1;
1;true;CXX;H269;1;SRVC;2;
1;true;CXX;H269;2;SRVC;1;
1;true;CXX;H406;0;SRVC;1;
1;true;CXX;H406;10;SRVC;1;
1;true;CXX;H406;11;SRVC;2;
1;true;CXX;H406;12;SRVC;1;
1;true;CXX;H406;13;SRVC;2;
1;true;CXX;H406;14;SRVC;1;
1;true;CXX;H406;15;SRVC;2;
1;true;CXX;H406;1;SRVC;2;
1;true;CXX;H406;2;SRVC;1;
1;true;CXX;H406;3;SRVC;2;
1;true;CXX;H406;4;SRVC;1;
1;true;CXX;H406;5;SRVC;2;
1;true;CXX;H406;6;SRVC;1;
1;true;CXX;H406;7;SRVC;2;
1;true;CXX;H406;8;SRVC;1;
1;true;CXX;H406;9;SRVC;2;
1;true;CXX;H407;0;SRVC;1;
1;true;CXX;H407;1;SRVC;2;
1;true;CXX;H407;2;SRVC;1;
1;true;CXX;H407;3;SRVC;2;
1;true;CXX;H408;0;SRVC;1;
1;true;CXX;H408;1;SRVC;2;
1;true;CXX;H408;2;SRVC;1;
1;true;CXX;H408;3;SRVC;2;
1;true;CXX;H408;4;SRVC;1;
1;true;CXX;H408;5;SRVC;2;
1;true;CXX;H408;6;SRVC;1;
1;true;CXX;H408;7;SRVC;2;
1;true;CXX;H408;8;SRVC;2;
1;true;CXX;H409;0;SRVC;1;
1;true;CXX;H409;1;SRVC;2;
1;true;CXX;H409;2;SRVC;1;
1;true;CXX;H409;3;SRVC;2;
1;true;CXX;H409;4;SRVC;2;
1;true;CXX;H409;5;SRVC;1;
1;true;CXX;H409;6;SRVC;2;
1;true;CXX;H409;7;SRVC;1;
1;true;CXX;H409;8;SRVC;2;
1;true;CXX;H409;9;SRVC;2;
1;true;CXX;H410;0;SRVC;1;
1;true;CXX;H410;10;SRVC;2;
1;true;CXX;H410;11;SRVC;1;
1;true;CXX;H410;12;SRVC;2;
1;true;CXX;H410;13;SRVC;2;
1;true;CXX;H410;1;SRVC;2;
1;true;CXX;H410;2;SRVC;1;
1;true;CXX;H410;3;SRVC;2;
1;true;CXX;H410;4;SRVC;1;
1;true;CXX;H410;5;SRVC;2;
1;true;CXX;H410;6;SRVC;2;
1;true;CXX;H410;7;SRVC;1;
1;true;CXX;H410;8;SRVC;2;
1;true;CXX;H410;9;SRVC;1;
1;true;CXX;H411;0;SRVC;1;
1;true;CXX;H411;1;SRVC;2;
1;true;CXX;H411;2;SRVC;1;
1;true;CXX;H411;3;SRVC;2;
1;true;CXX;H411;4;SRVC;1;
1;true;CXX;H411;5;SRVC;2;
1;true;CXX;H411;6;SRVC;1;
1;true;CXX;H411;7;SRVC;2;
1;true;CXX;H412;0;SRVC;1;
1;true;CXX;H412;10;SRVC;2;
1;true;CXX;H412;11;SRVC;1;
1;true;CXX;H412;12;SRVC;2;
1;true;CXX;H412;13;SRVC;2;
1;true;CXX;H412;1;SRVC;2;
1;true;CXX;H412;2;SRVC;1;
1;true;CXX;H412;3;SRVC;2;
1;true;CXX;H412;4;SRVC;1;
1;true;CXX;H412;5;SRVC;2;
1;true;CXX;H412;6;SRVC;2;
1;true;CXX;H412;7;SRVC;1;
1;true;CXX;H412;8;SRVC;2;
1;true;CXX;H412;9;SRVC;1;
1;true;CXX;H415;0;SRVC;1;
1;true;CXX;H415;1;SRVC;2;
1;true;CXX;H415;2;SRVC;1;
1;true;CXX;H415;3;SRVC;1;
1;true;CXX;H415;4;SRVC;1;
1;true;CXX;H415;5;SRVC;2;
1;true;CXX;H415;6;SRVC;1;
1;true;CXX;H415;7;SRVC;1;
1;true;CXX;H416;0;SRVC;1;
1;true;CXX;H416;10;SRVC;2;
1;true;CXX;H416;11;SRVC;2;
1;true;CXX;H416;12;SRVC;1;
1;true;CXX;H416;13;SRVC;2;
1;true;CXX;H416;14;SRVC;1;
1;true;CXX;H416;15;SRVC;2;
1;true;CXX;H416;16;SRVC;1;
1;true;CXX;H416;17;SRVC;2;
1;true;CXX;H416;18;SRVC;1;
1;true;CXX;H416;19;SRVC;2;
1;true;CXX;H416;1;SRVC;2;
1;true;CXX;H416;20;SRVC;1;
1;true;CXX;H416;21;SRVC;2;
1;true;CXX;H416;22;SRVC;2;
1;true;CXX;H416;23;SRVC;2;
1;true;CXX;H416;2;SRVC;1;
1;true;CXX;H416;3;SRVC;2;
1;true;CXX;H416;4;SRVC;1;
1;true;CXX;H416;5;SRVC;2;
1;true;CXX;H416;6;SRVC;1;
1;true;CXX;H416;7;SRVC;2;
1;true;CXX;H416;8;SRVC;1;
1;true;CXX;H416;9;SRVC;2;
1;true;CXX;H417;0;SRVC;1;
1;true;CXX;H417;1;SRVC;2;
1;true;CXX;H417;2;SRVC;1;
1;true;CXX;H417;3;SRVC;2;
1;true;CXX;H438;0;SRVC;1;
1;true;CXX;H438;10;SRVC;1;
1;true;CXX;H438;11;SRVC;2;
1;true;CXX;H438;12;SRVC;1;
1;true;CXX;H438;13;SRVC;2;
1;true;CXX;H438;14;SRVC;1;
1;true;CXX;H438;15;SRVC;1;
1;true;CXX;H438;1;SRVC;2;
1;true;CXX;H438;2;SRVC;1;
1;true;CXX;H438;3;SRVC;2;
1;true;CXX;H438;4;SRVC;1;
1;true;CXX;H438;5;SRVC;2;
1;true;CXX;H438;6;SRVC;1;
1;true;CXX;H438;7;SRVC;1;
1;true;CXX;H438;8;SRVC;1;
1;true;CXX;H438;9;SRVC;2;
1;true;CXX;H606;0;SRVC;1;
1;true;CXX;H606;1;SRVC;2;
1;true;CXX;H606;2;SRVC;1;
1;true;CXX;H606;3;SRVC;2;
1;true;CXX;H612;0;SRVC;2;
1;true;CXX;H612;1;SRVC;2;
1;true;CXX;H617;0;SRVC;1;
1;true;CXX;H617;1;SRVC;2;
1;true;CXX;H617;2;SRVC;1;
1;true;CXX;H617;3;SRVC;2;
1;true;CXX;H617;4;SRVC;1;
1;true;CXX;H617;5;SRVC;2;
1;true;CXX;H617;6;SRVC;1;
1;true;CXX;H617;7;SRVC;2;
1;true;CXX;H636;0;SRVC;1;
1;true;CXX;H636;1;SRVC;2;
1;true;CXX;H636;2;SRVC;1;
1;true;CXX;H636;3;SRVC;2;
1;true;CXX;H650;0;SRVC;1;
1;true;CXX;H650;1;SRVC;2;
1;true;CXX;H650;2;SRVC;1;
1;true;CXX;H650;3;SRVC;2;
1;true;CXX;H652;0;SRVC;1;
1;true;CXX;H652;10;SRVC;1;
1;true;CXX;H652;11;SRVC;2;
1;true;CXX;H652;12;SRVC;1;
1;true;CXX;H652;13;SRVC;2;
1;true;CXX;H652;14;SRVC;1;
1;true;CXX;H652;15;SRVC;2;
1;true;CXX;H652;1;SRVC;2;
1;true;CXX;H652;2;SRVC;1;
1;true;CXX;H652;3;SRVC;2;
1;true;CXX;H652;4;SRVC;1;
1;true;CXX;H652;5;SRVC;2;
1;true;CXX;H652;6;SRVC;1;
1;true;CXX;H652;7;SRVC;2;
1;true;CXX;H652;8;SRVC;1;
1;true;CXX;H652;9;SRVC;2;
1;true;CXX;H653;0;SRVC;1;
1;true;CXX;H653;1;SRVC;2;
1;true;CXX;H653;2;SRVC;1;
1;true;CXX;H653;3;SRVC;2;
1;true;CXX;H653;4;SRVC;1;
1;true;CXX;H653;5;SRVC;1;
1;true;CXX;H653;6;SRVC;2;
1;true;CXX;H653;7;SRVC;1;
1;true;CXX;H653;8;SRVC;2;
1;true;CXX;H653;9;SRVC;1;
1;true;CXX;H655;0;SRVC;1;
1;true;CXX;H655;1;SRVC;2;
1;true;CXX;H655;2;SRVC;1;
1;true;CXX;H655;3;SRVC;2;
1;true;CXX;H658;0;SRVC;1;
1;true;CXX;H658;1;SRVC;2;
1;true;CXX;H658;2;SRVC;1;
1;true;CXX;H658;3;SRVC;2;
1;true;CXX;H660;0;SRVC;1;
1;true;CXX;H660;1;SRVC;2;
1;true;CXX;H660;2;SRVC;1;
1;true;CXX;H660;3;SRVC;2;
1;true;CXX;H923;0;SRVC;1;
1;true;CXX;H923;1;SRVC;1;
1;true;CXX;H923;2;SRVC;1;
1;true;CXX;H923;3;SRVC;1;
1;true;CXX;H923;4;SRVC;1;
1;true;CXX;H923;5;SRVC;1;
1;true;CXX;H928;0;SRVC;1;
1;true;CXX;H928;1;SRVC;2;
1;true;CXX;H928;2;SRVC;1;
1;true;CXX;H928;3;SRVC;2;
1;true;CXX;H936;0;SRVC;1;
1;true;CXX;H936;1;SRVC;1;
1;true;CXX;H936;2;SRVC;1;
1;true;CXX;H936;3;SRVC;1;
1;true;CXX;H936;4;SRVC;1;
1;true;CXX;H936;5;SRVC;1;
1;true;CXX;H952;0;SRVC;1;
1;true;CXX;H952;1;SRVC;1;
1;true;CXX;H952;2;SRVC;1;
1;true;CXX;H952;3;SRVC;1;
1;true;CXX;H952;4;SRVC;1;
1;true;CXX;H952;5;SRVC;1;
1;true;CXX;H956;0;SRVC;1;
1;true;CXX;H956;1;SRVC;2;
1;true;CXX;H956;2;SRVC;1;
1;true;CXX;H956;3;SRVC;2;
1;true;CXX;H958;0;SRVC;1;
1;true;CXX;H958;1;SRVC;2;
1;true;CXX;H958;2;SRVC;1;
1;true;CXX;H958;3;SRVC;2;
1;true;CXX;H964;0;SRVC;1;
1;true;CXX;H964;1;SRVC;2;
1;true;CXX;H964;2;SRVC;1;
1;true;CXX;H964;3;SRVC;2;
1;true;CXX;H967;0;SRVC;1;
1;true;CXX;H967;1;SRVC;2;
1;true;CXX;H967;2;SRVC;1;
1;true;CXX;H967;3;SRVC;2;
1;true;CXX;L002;0;SRVC;1;
1;true;CXX;L002;1;SRVC;2;
1;true;CXX;L002;2;SRVC;1;
1;true;CXX;L002;3;SRVC;2;
1;true;CXX;L003;0;SRVC;1;
1;true;CXX;L003;1;SRVC;2;
1;true;CXX;L003;2;SRVC;1;
1;true;CXX;L003;3;SRVC;2;
1;true;CXX;L004;0;SRVC;1;
1;true;CXX;L004;1;SRVC;2;
1;true;CXX;L004;2;SRVC;1;
1;true;CXX;L004;3;SRVC;2;
1;true;CXX;L004;4;SRVC;1;
1;true;CXX;L004;5;SRVC;2;
1;true;CXX;L004;6;SRVC;1;
1;true;CXX;L004;7;SRVC;2;
1;true;CXX;L005;0;SRVC;1;
1;true;CXX;L005;1;SRVC;2;
1;true;CXX;L005;2;SRVC;2;
1;true;CXX;L005;3;SRVC;1;
1;true;CXX;L005;4;SRVC;2;
1;true;CXX;L005;5;SRVC;2;
1;true;CXX;L006;0;SRVC;1;
1;true;CXX;L006;1;SRVC;2;
1;true;CXX;L006;2;SRVC;1;
1;true;CXX;L006;3;SRVC;2;
1;true;CXX;L006;4;SRVC;1;
1;true;CXX;L006;5;SRVC;2;
1;true;CXX;L006;6;SRVC;1;
1;true;CXX;L006;7;SRVC;2;
1;true;CXX;L007;0;SRVC;1;
1;true;CXX;L007;1;SRVC;2;
1;true;CXX;L007;2;SRVC;1;
1;true;CXX;L007;3;SRVC;1;
1;true;CXX;L007;4;SRVC;2;
1;true;CXX;L007;5;SRVC;1;
1;true;CXX;L008;0;SRVC;1;
1;true;CXX;L008;10;SRVC;1;
1;true;CXX;L008;11;SRVC;2;
1;true;CXX;L008;1;SRVC;2;
1;true;CXX;L008;2;SRVC;1;
1;true;CXX;L008;3;SRVC;2;
1;true;CXX;L008;4;SRVC;1;
1;true;CXX;L008;5;SRVC;2;
1;true;CXX;L008;6;SRVC;1;
1;true;CXX;L008;7;SRVC;2;
1;true;CXX;L008;8;SRVC;1;
1;true;CXX;L008;9;SRVC;2;
1;true;CXX;L009;0;SRVC;1;
1;true;CXX;L009;1;SRVC;2;
1;true;CXX;L009;2;SRVC;1;
1;true;CXX;L009;3;SRVC;2;
1;true;CXX;L010;0;SRVC;1;
1;true;CXX;L010;1;SRVC;2;
1;true;CXX;L010;2;SRVC;1;
1;true;CXX;L010;3;SRVC;2;
1;true;CXX;L011;0;SRVC;1;
1;true;CXX;L011;10;SRVC;1;
1;true;CXX;L011;11;SRVC;2;
1;true;CXX;L011;12;SRVC;1;
1;true;CXX;L011;13;SRVC;2;
1;true;CXX;L011;14;SRVC;1;
1;true;CXX;L011;15;SRVC;2;
1;true;CXX;L011;16;SRVC;1;
1;true;CXX;L011;17;SRVC;2;
1;true;CXX;L011;18;SRVC;1;
1;true;CXX;L011;19;SRVC;2;
1;true;CXX;L011;1;SRVC;2;
1;true;CXX;L011;2;SRVC;1;
1;true;CXX;L011;3;SRVC;2;
1;true;CXX;L011;4;SRVC;1;
1;true;CXX;L011;5;SRVC;2;
1;true;CXX;L011;6;SRVC;1;
1;true;CXX;L011;7;SRVC;2;
1;true;CXX;L011;8;SRVC;1;
1;true;CXX;L011;9;SRVC;2;
1;true;CXX;L012;0;SRVC;1;
1;true;CXX;L012;1;SRVC;2;
1;true;CXX;L012;2;SRVC;1;
1;true;CXX;L012;3;SRVC;2;
1;true;CXX;L014;0;SRVC;1;
1;true;CXX;L014;1;SRVC;2;
1;true;CXX;L014;2;SRVC;1;
1;true;CXX;L014;3;SRVC;2;
1;true;CXX;L015;0;SRVC;1;
1;true;CXX;L015;1;SRVC;2;
1;true;CXX;L015;2;SRVC;1;
1;true;CXX;L015;3;SRVC;2;
1;true;CXX;L016;0;SRVC;1;
1;true;CXX;L016;1;SRVC;2;
1;true;CXX;L016;2;SRVC;1;
1;true;CXX;L016;3;SRVC;2;
1;true;CXX;L017;0;SRVC;1;
1;true;CXX;L017;1;SRVC;2;
1;true;CXX;L017;2;SRVC;1;
1;true;CXX;L017;3;SRVC;1;
1;true;CXX;L017;4;SRVC;2;
1;true;CXX;L018;0;SRVC;1;
1;true;CXX;L018;1;SRVC;2;
1;true;CXX;L018;2;SRVC;1;
1;true;CXX;L018;3;SRVC;1;
1;true;CXX;L018;4;SRVC;2;
1;true;CXX;L018;5;SRVC;1;
1;true;CXX;L019;0;SRVC;1;
1;true;CXX;L019;1;SRVC;2;
1;true;CXX;L019;2;SRVC;1;
1;true;CXX;L019;3;SRVC;2;
1;true;CXX;L020;0;SRVC;1;
1;true;CXX;L020;1;SRVC;2;
1;true;CXX;L020;2;SRVC;1;
1;true;CXX;L020;3;SRVC;2;
1;true;CXX;L020;4;SRVC;1;
1;true;CXX;L020;5;SRVC;2;
1;true;CXX;L020;6;SRVC;1;
1;true;CXX;L020;7;SRVC;2;
1;true;CXX;L021;0;SRVC;1;
1;true;CXX;L021;1;SRVC;2;
1;true;CXX;L021;2;SRVC;1;
1;true;CXX;L021;3;SRVC;2;
1;true;CXX;L022;0;SRVC;1;
1;true;CXX;L022;1;SRVC;2;
1;true;CXX;L023;0;SRVC;1;
1;true;CXX;L023;1;SRVC;2;
1;true;CXX;L023;2;SRVC;2;
1;true;CXX;L023;3;SRVC;2;
1;true;CXX;L023;4;SRVC;1;
1;true;CXX;L023;5;SRVC;2;
1;true;CXX;L023;6;SRVC;2;
1;true;CXX;L023;7;SRVC;2;
1;true;CXX;L024;0;SRVC;1;
1;true;CXX;L024;1;SRVC;2;
1;true;CXX;L024;2;SRVC;1;
1;true;CXX;L024;3;SRVC;2;
1;true;CXX;L024;4;SRVC;1;
1;true;CXX;L024;5;SRVC;2;
1;true;CXX;L024;6;SRVC;1;
1;true;CXX;L025;0;SRVC;1;
1;true;CXX;L025;1;SRVC;2;
1;true;CXX;L025;2;SRVC;1;
1;true;CXX;L025;3;SRVC;2;
1;true;CXX;L026;0;SRVC;1;
1;true;CXX;L026;1;SRVC;2;
1;true;CXX;L026;2;SRVC;2;
1;true;CXX;L026;3;SRVC;1;
1;true;CXX;L026;4;SRVC;2;
1;true;CXX;L026;5;SRVC;2;
1;true;CXX;L028;0;SRVC;1;
1;true;CXX;L028;1;SRVC;2;
1;true;CXX;L028;2;SRVC;1;
1;true;CXX;L028;3;SRVC;2;
1;true;CXX;L028;4;SRVC;1;
1;true;CXX;L028;5;SRVC;2;
1;true;CXX;L028;6;SRVC;1;
1;true;CXX;L028;7;SRVC;2;
1;true;CXX;L051;0;SRVC;1;
1;true;CXX;L051;1;SRVC;2;
1;true;CXX;L051;2;SRVC;1;
1;true;CXX;L051;3;SRVC;2;
1;true;CXX;L051;4;SRVC;1;
1;true;CXX;L051;5;SRVC;2;
1;true;CXX;L051;6;SRVC;1;
1;true;CXX;L051;7;SRVC;2;
1;true;CXX;L052;0;SRVC;1;
1;true;CXX;L052;1;SRVC;2;
1;true;CXX;L052;2;SRVC;1;
1;true;CXX;L052;3;SRVC;2;
1;true;CXX;L053;0;SRVC;1;
1;true;CXX;L053;1;SRVC;2;
1;true;CXX;L054;0;SRVC;1;
1;true;CXX;L054;1;SRVC;2;
1;true;CXX;L055;0;SRVC;1;
1;true;CXX;L055;1;SRVC;2;
1;true;CXX;L101;0;SRVC;1;
1;true;CXX;L101;1;SRVC;2;
1;true;CXX;L103;0;SRVC;1;
1;true;CXX;L103;1;SRVC;2;
1;true;CXX;L114;0;SRVC;1;
1;true;CXX;L114;1;SRVC;2;
1;true;CXX;L114;2;SRVC;1;
1;true;CXX;L114;3;SRVC;2;
1;true;CXX;L119;0;SRVC;1;
1;true;CXX;L119;1;SRVC;2;
1;true;CXX;L123;0;SRVC;1;
1;true;CXX;L123;1;SRVC;2;
1;true;CXX;L123;2;SRVC;1;
1;true;CXX;L123;3;SRVC;2;
1;true;CXX;L150;0;SRVC;1;
1;true;CXX;L150;1;SRVC;2;
1;true;CXX;L150;2;SRVC;1;
1;true;CXX;L150;3;SRVC;2;
1;true;CXX;L255;0;SRVC;1;
1;true;CXX;L255;1;SRVC;2;
1;true;CXX;L255;2;SRVC;2;
1;true;CXX;L256;0;SRVC;1;
1;true;CXX;L256;1;SRVC;2;
1;true;CXX;L256;2;SRVC;1;
1;true;CXX;L256;3;SRVC;2;
1;true;CXX;L257;0;SRVC;1;
1;true;CXX;L257;1;SRVC;2;
1;true;CXX;L257;2;SRVC;1;
1;true;CXX;L258;0;SRVC;1;
1;true;CXX;L258;10;SRVC;1;
1;true;CXX;L258;11;SRVC;2;
1;true;CXX;L258;12;SRVC;1;
1;true;CXX;L258;13;SRVC;2;
1;true;CXX;L258;1;SRVC;2;
1;true;CXX;L258;2;SRVC;1;
1;true;CXX;L258;3;SRVC;2;
1;true;CXX;L258;4;SRVC;1;
1;true;CXX;L258;5;SRVC;2;
1;true;CXX;L258;6;SRVC;1;
1;true;CXX;L258;7;SRVC;2;
1;true;CXX;L258;8;SRVC;1;
1;true;CXX;L258;9;SRVC;2;
1;true;CXX;L259;0;SRVC;1;
1;true;CXX;L259;1;SRVC;2;
1;true;CXX;L260;0;SRVC;1;
1;true;CXX;L260;10;SRVC;1;
1;true;CXX;L260;11;SRVC;2;
1;true;CXX;L260;1;SRVC;2;
1;true;CXX;L260;2;SRVC;1;
1;true;CXX;L260;3;SRVC;2;
1;true;CXX;L260;4;SRVC;1;
1;true;CXX;L260;5;SRVC;2;
1;true;CXX;L260;6;SRVC;1;
1;true;CXX;L260;7;SRVC;2;
1;true;CXX;L260;8;SRVC;1;
1;true;CXX;L260;9;SRVC;2;
1;true;CXX;L261;0;SRVC;1;
1;true;CXX;L261;1;SRVC;2;
1;true;CXX;L261;2;SRVC;1;
1;true;CXX;L261;3;SRVC;2;
1;true;CXX;L261;4;SRVC;1;
1;true;CXX;L261;5;SRVC;2;
1;true;CXX;L262;0;SRVC;1;
1;true;CXX;L262;1;SRVC;2;
1;true;CXX;L266;0;SRVC;1;
1;true;CXX;L266;1;SRVC;2;
1;true;CXX;L266;2;SRVC;1;
1;true;CXX;L266;3;SRVC;2;
1;true;CXX;L266;4;SRVC;1;
1;true;CXX;L266;5;SRVC;2;
1;true;CXX;L266;6;SRVC;1;
1;true;CXX;L266;7;SRVC;1;
1;true;CXX;L268;0;SRVC;1;
1;true;CXX;L268;1;SRVC;2;
1;true;CXX;L271;0;SRVC;1;
1;true;CXX;L271;1;SRVC;2;
1;true;CXX;L271;2;SRVC;1;
1;true;CXX;L271;3;SRVC;1;
1;true;CXX;L271;4;SRVC;2;
1;true;CXX;L271;5;SRVC;1;
1;true;CXX;L272;0;SRVC;1;
1;true;CXX;L272;1;SRVC;2;
1;true;CXX;L272;2;SRVC;1;
1;true;CXX;L272;3;SRVC;2;
1;true;CXX;L272;4;SRVC;1;
1;true;CXX;L272;5;SRVC;2;
1;true;CXX;L276;0;SRVC;1;
1;true;CXX;L276;1;SRVC;2;
1;true;CXX;L276;2;SRVC;2;
1;true;CXX;L277;0;SRVC;1;
1;true;CXX;L277;1;SRVC;2;
1;true;CXX;L291;0;SRVC;1;
1;true;CXX;L291;1;SRVC;2;
1;true;CXX;L291;2;SRVC;1;
1;true;CXX;L292;0;SRVC;1;
1;true;CXX;L292;1;SRVC;2;
1;true;CXX;L294;0;SRVC;1;
1;true;CXX;L294;1;SRVC;2;
1;true;CXX;L294;2;SRVC;1;
1;true;CXX;L294;3;SRVC;2;
1;true;CXX;L317;0;SRVC;1;
1;true;CXX;L317;1;SRVC;2;
1;true;CXX;L317;2;SRVC;1;
1;true;CXX;L317;3;SRVC;2;
1;true;CXX;L317;4;SRVC;1;
1;true;CXX;L317;5;SRVC;2;
1;true;CXX;L317;6;SRVC;1;
1;true;CXX;L317;7;SRVC;2;
1;true;CXX;L318;0;SRVC;1;
1;true;CXX;L318;10;SRVC;2;
1;true;CXX;L318;11;SRVC;1;
1;true;CXX;L318;12;SRVC;2;
1;true;CXX;L318;13;SRVC;1;
1;true;CXX;L318;1;SRVC;2;
1;true;CXX;L318;2;SRVC;1;
1;true;CXX;L318;3;SRVC;2;
1;true;CXX;L318;4;SRVC;1;
1;true;CXX;L318;5;SRVC;2;
1;true;CXX;L318;6;SRVC;1;
1;true;CXX;L318;7;SRVC;1;
1;true;CXX;L318;8;SRVC;2;
1;true;CXX;L318;9;SRVC;1;
1;true;CXX;L319;0;SRVC;1;
1;true;CXX;L319;1;SRVC;2;
1;true;CXX;L319;2;SRVC;1;
1;true;CXX;L319;3;SRVC;2;
1;true;CXX;L319;4;SRVC;1;
1;true;CXX;L319;5;SRVC;2;
1;true;CXX;L319;6;SRVC;2;
1;true;CXX;L320;0;SRVC;1;
1;true;CXX;L320;10;SRVC;1;
1;true;CXX;L320;11;SRVC;2;
1;true;CXX;L320;12;SRVC;1;
1;true;CXX;L320;13;SRVC;2;
1;true;CXX;L320;14;SRVC;1;
1;true;CXX;L320;15;SRVC;2;
1;true;CXX;L320;16;SRVC;2;
1;true;CXX;L320;1;SRVC;2;
1;true;CXX;L320;2;SRVC;1;
1;true;CXX;L320;3;SRVC;2;
1;true;CXX;L320;4;SRVC;1;
1;true;CXX;L320;5;SRVC;2;
1;true;CXX;L320;6;SRVC;1;
1;true;CXX;L320;7;SRVC;2;
1;true;CXX;L320;8;SRVC;1;
1;true;CXX;L320;9;SRVC;2;
1;true;CXX;L321;0;SRVC;1;
1;true;CXX;L321;1;SRVC;2;
1;true;CXX;L321;2;SRVC;1;
1;true;CXX;L321;3;SRVC;2;
1;true;CXX;L321;4;SRVC;1;
1;true;CXX;L321;5;SRVC;2;
1;true;CXX;L321;6;SRVC;1;
1;true;CXX;L321;7;SRVC;2;
1;true;CXX;L322;0;SRVC;1;
1;true;CXX;L322;10;SRVC;1;
1;true;CXX;L322;11;SRVC;2;
1;true;CXX;L322;12;SRVC;1;
1;true;CXX;L322;13;SRVC;2;
1;true;CXX;L322;14;SRVC;1;
1;true;CXX;L322;15;SRVC;2;
1;true;CXX;L322;1;SRVC;2;
1;true;CXX;L322;2;SRVC;1;
1;true;CXX;L322;3;SRVC;2;
1;true;CXX;L322;4;SRVC;1;
1;true;CXX;L322;5;SRVC;2;
1;true;CXX;L322;6;SRVC;1;
1;true;CXX;L322;7;SRVC;2;
1;true;CXX;L322;8;SRVC;1;
1;true;CXX;L322;9;SRVC;2;
1;true;CXX;L324;0;SRVC;1;
1;true;CXX;L324;1;SRVC;2;
1;true;CXX;L324;2;SRVC;1;
1;true;CXX;L324;3;SRVC;1;
1;true;CXX;L324;4;SRVC;2;
1;true;CXX;L324;5;SRVC;1;
1;true;CXX;L400;0;SRVC;1;
1;true;CXX;L400;1;SRVC;2;
1;true;CXX;L400;2;SRVC;1;
1;true;CXX;L400;3;SRVC;2;
1;true;CXX;L401;0;SRVC;1;
1;true;CXX;L401;1;SRVC;2;
1;true;CXX;L401;2;SRVC;1;
1;true;CXX;L401;3;SRVC;2;
1;true;CXX;L402;0;SRVC;1;
1;true;CXX;L402;1;SRVC;2;
1;true;CXX;L402;2;SRVC;1;
1;true;CXX;L402;3;SRVC;2;
1;true;CXX;L402;4;SRVC;1;
1;true;CXX;L402;5;SRVC;2;
1;true;CXX;L402;6;SRVC;1;
1;true;CXX;L402;7;SRVC;2;
1;true;CXX;L403;0;SRVC;1;
1;true;CXX;L403;1;SRVC;2;
1;true;CXX;L403;2;SRVC;1;
1;true;CXX;L403;3;SRVC;2;
1;true;CXX;L404;0;SRVC;1;
1;true;CXX;L404;1;SRVC;2;
1;true;CXX;L404;2;SRVC;1;
1;true;CXX;L404;3;SRVC;2;
1;true;CXX;L405;0;SRVC;1;
1;true;CXX;L405;1;SRVC;2;
1;true;CXX;L405;2;SRVC;1;
1;true;CXX;L405;3;SRVC;2;
1;true;CXX;L406;0;SRVC;1;
1;true;CXX;L406;1;SRVC;2;
1;true;CXX;L406;2;SRVC;1;
1;true;CXX;L406;3;SRVC;2;
1;true;CXX;L407;0;SRVC;1;
1;true;CXX;L407;1;SRVC;2;
1;true;CXX;L407;2;SRVC;1;
1;true;CXX;L407;3;SRVC;2;
1;true;CXX;L408;0;SRVC;1;
1;true;CXX;L408;1;SRVC;2;
1;true;CXX;L610;0;SRVC;1;
1;true;CXX;L610;1;SRVC;2;
1;true;CXX;L610;2;SRVC;1;
1;true;CXX;L610;3;SRVC;2;
1;true;CXX;L618;0;SRVC;1;
1;true;CXX;L618;1;SRVC;2;
1;true;CXX;L618;2;SRVC;1;
1;true;CXX;L618;3;SRVC;2;
1;true;CXX;L656;0;SRVC;1;
1;true;CXX;L656;1;SRVC;2;
1;true;CXX;L656;2;SRVC;1;
1;true;CXX;L656;3;SRVC;2;
1;true;CXX;L656;4;SRVC;1;
1;true;CXX;L656;5;SRVC;2;
1;true;CXX;L656;6;SRVC;1;
1;true;CXX;L656;7;SRVC;2;
1;true;CXX;L657;0;SRVC;1;
1;true;CXX;L657;1;SRVC;2;
1;true;CXX;L657;2;SRVC;1;
1;true;CXX;L657;3;SRVC;2;
1;true;CXX;M030;0;SRVC;1;
1;true;CXX;M030;10;SRVC;1;
1;true;CXX;M030;11;SRVC;2;
1;true;CXX;M030;12;SRVC;1;
1;true;CXX;M030;13;SRVC;2;
1;true;CXX;M030;1;SRVC;2;
1;true;CXX;M030;2;SRVC;1;
1;true;CXX;M030;3;SRVC;2;
1;true;CXX;M030;4;SRVC;1;
1;true;CXX;M030;5;SRVC;2;
1;true;CXX;M030;6;SRVC;1;
1;true;CXX;M030;7;SRVC;2;
1;true;CXX;M030;8;SRVC;1;
1;true;CXX;M030;9;SRVC;2;
1;true;CXX;M047;0;SRVC;1;
1;true;CXX;M047;1;SRVC;2;
1;true;CXX;M047;2;SRVC;1;
1;true;CXX;M047;3;SRVC;2;
1;true;CXX;M057;0;SRVC;1;
1;true;CXX;M057;1;SRVC;2;
1;true;CXX;M057;2;SRVC;1;
1;true;CXX;M057;3;SRVC;2;
1;true;CXX;M057;4;SRVC;1;
1;true;CXX;M057;5;SRVC;2;
1;true;CXX;M090;0;SRVC;1;
1;true;CXX;M090;1;SRVC;2;
1;true;CXX;M090;2;SRVC;1;
1;true;CXX;M090;3;SRVC;2;
1;true;CXX;M095;0;SRVC;1;
1;true;CXX;M095;1;SRVC;2;
1;true;CXX;M097;0;SRVC;1;
1;true;CXX;M097;1;SRVC;2;
1;true;CXX;M097;2;SRVC;1;
1;true;CXX;M097;3;SRVC;2;
1;true;CXX;M097;4;SRVC;1;
1;true;CXX;M097;5;SRVC;2;
1;true;CXX;M149;0;SRVC;1;
1;true;CXX;M149;1;SRVC;2;
1;true;CXX;M149;2;SRVC;1;
1;true;CXX;M149;3;SRVC;2;
1;true;CXX;M160;0;SRVC;1;
1;true;CXX;M160;1;SRVC;2;
1;true;CXX;M161;0;SRVC;1;
1;true;CXX;M161;1;SRVC;2;
1;true;CXX;M161;2;SRVC;2;
1;true;CXX;M161;3;SRVC;1;
1;true;CXX;M161;4;SRVC;2;
1;true;CXX;M162;0;SRVC;1;
1;true;CXX;M162;1;SRVC;2;
1;true;CXX;M162;2;SRVC;1;
1;true;CXX;M162;3;SRVC;2;
1;true;CXX;M162;4;SRVC;1;
1;true;CXX;M162;5;SRVC;2;
1;true;CXX;M162;6;SRVC;1;
1;true;CXX;M162;7;SRVC;2;
1;true;CXX;M163;0;SRVC;1;
1;true;CXX;M163;1;SRVC;2;
1;true;CXX;M163;2;SRVC;1;
1;true;CXX;M163;3;SRVC;2;
1;true;CXX;M164;0;SRVC;1;
1;true;CXX;M164;1;SRVC;2;
1;true;CXX;M164;2;SRVC;1;
1;true;CXX;M164;3;SRVC;2;
1;true;CXX;M169;0;SRVC;1;
1;true;CXX;M169;1;SRVC;2;
1;true;CXX;M169;2;SRVC;1;
1;true;CXX;M169;3;SRVC;2;
1;true;CXX;M169;4;SRVC;1;
1;true;CXX;M169;5;SRVC;2;
1;true;CXX;M169;6;SRVC;1;
1;true;CXX;M169;7;SRVC;2;
1;true;CXX;M171;0;SRVC;1;
1;true;CXX;M171;1;SRVC;2;
1;true;CXX;M171;2;SRVC;1;
1;true;CXX;M171;3;SRVC;2;
1;true;CXX;M174;0;SRVC;1;
1;true;CXX;M174;10;SRVC;1;
1;true;CXX;M174;11;SRVC;1;
1;true;CXX;M174;1;SRVC;2;
1;true;CXX;M174;2;SRVC;1;
1;true;CXX;M174;3;SRVC;2;
1;true;CXX;M174;4;SRVC;1;
1;true;CXX;M174;5;SRVC;1;
1;true;CXX;M174;6;SRVC;1;
1;true;CXX;M174;7;SRVC;2;
1;true;CXX;M174;8;SRVC;1;
1;true;CXX;M174;9;SRVC;2;
1;true;CXX;M180;0;SRVC;2;
1;true;CXX;M180;1;SRVC;2;
1;true;CXX;M180;2;SRVC;2;
1;true;CXX;M180;3;SRVC;2;
1;true;CXX;M181;0;SRVC;1;
1;true;CXX;M181;1;SRVC;1;
1;true;CXX;M181;2;SRVC;1;
1;true;CXX;M181;3;SRVC;1;
1;true;CXX;M185;0;SRVC;1;
1;true;CXX;M185;1;SRVC;2;
1;true;CXX;M185;2;SRVC;1;
1;true;CXX;M185;3;SRVC;2;
1;true;CXX;M186;0;SRVC;1;
1;true;CXX;M186;1;SRVC;2;
1;true;CXX;M186;2;SRVC;1;
1;true;CXX;M186;3;SRVC;1;
1;true;CXX;M186;4;SRVC;2;
1;true;CXX;M186;5;SRVC;1;
1;true;CXX;M190;0;SRVC;1;
1;true;CXX;M190;1;SRVC;2;
1;true;CXX;M190;2;SRVC;1;
1;true;CXX;M190;3;SRVC;2;
1;true;CXX;M191;0;SRVC;1;
1;true;CXX;M191;1;SRVC;2;
1;true;CXX;M191;2;SRVC;2;
1;true;CXX;M191;3;SRVC;1;
1;true;CXX;M191;4;SRVC;2;
1;true;CXX;M191;5;SRVC;2;
1;true;CXX;M192;0;SRVC;1;
1;true;CXX;M192;1;SRVC;2;
1;true;CXX;M192;2;SRVC;1;
1;true;CXX;M192;3;SRVC;1;
1;true;CXX;M192;4;SRVC;2;
1;true;CXX;M192;5;SRVC;1;
1;true;CXX;M194;0;SRVC;1;
1;true;CXX;M194;1;SRVC;2;
1;true;CXX;M194;2;SRVC;1;
1;true;CXX;M194;3;SRVC;1;
1;true;CXX;M194;4;SRVC;2;
1;true;CXX;M194;5;SRVC;1;
1;true;CXX;M195;0;SRVC;1;
1;true;CXX;M195;1;SRVC;2;
1;true;CXX;M195;2;SRVC;1;
1;true;CXX;M195;3;SRVC;2;
1;true;CXX;M195;4;SRVC;1;
1;true;CXX;M195;5;SRVC;1;
1;true;CXX;M195;6;SRVC;2;
1;true;CXX;M195;7;SRVC;1;
1;true;CXX;M195;8;SRVC;1;
1;true;CXX;M198;0;SRVC;1;
1;true;CXX;M198;1;SRVC;2;
1;true;CXX;M198;2;SRVC;1;
1;true;CXX;M198;3;SRVC;2;
1;true;CXX;M199;0;SRVC;1;
1;true;CXX;M199;1;SRVC;2;
1;true;CXX;M199;2;SRVC;1;
1;true;CXX;M199;3;SRVC;2;
1;true;CXX;M199;4;SRVC;1;
1;true;CXX;M199;5;SRVC;2;
1;true;CXX;M199;6;SRVC;1;
1;true;CXX;M199;7;SRVC;1;
1;true;CXX;M199;8;SRVC;1;
1;true;CXX;M200;0;SRVC;2;
1;true;CXX;M242;0;SRVC;1;
1;true;CXX;M242;1;SRVC;2;
1;true;CXX;M242;2;SRVC;1;
1;true;CXX;M242;3;SRVC;1;
1;true;CXX;M244;0;SRVC;1;
1;true;CXX;M244;1;SRVC;2;
1;true;CXX;M255;0;SRVC;1;
1;true;CXX;M255;1;SRVC;2;
1;true;CXX;M255;2;SRVC;1;
1;true;CXX;M271;0;SRVC;2;
1;true;CXX;M271;1;SRVC;2;
1;true;CXX;M274;0;SRVC;1;
1;true;CXX;M274;1;SRVC;2;
1;true;CXX;M274;2;SRVC;1;
1;true;CXX;M287;0;SRVC;1;
1;true;CXX;M287;1;SRVC;2;
1;true;CXX;M300;0;SRVC;1;
1;true;CXX;M300;1;SRVC;2;
1;true;CXX;M300;2;SRVC;1;
1;true;CXX;M300;3;SRVC;2;
1;true;CXX;M300;4;SRVC;2;
1;true;CXX;M300;5;SRVC;2;
1;true;CXX;M300;6;SRVC;1;
1;true;CXX;M300;7;SRVC;2;
1;true;CXX;M300;8;SRVC;1;
1;true;CXX;M300;9;SRVC;2;
1;true;CXX;M340;0;SRVC;1;
1;true;CXX;M340;1;SRVC;2;
1;true;CXX;M340;2;SRVC;1;
1;true;CXX;M340;3;SRVC;2;
1;true;CXX;M340;4;SRVC;2;
1;true;CXX;M340;5;SRVC;2;
1;true;CXX;M340;6;SRVC;1;
1;true;CXX;M340;7;SRVC;2;
1;true;CXX;M340;8;SRVC;1;
1;true;CXX;M340;9;SRVC;2;
1;true;CXX;M341;0;SRVC;1;
1;true;CXX;M341;10;SRVC;2;
1;true;CXX;M341;11;SRVC;1;
1;true;CXX;M341;12;SRVC;2;
1;true;CXX;M341;13;SRVC;1;
1;true;CXX;M341;14;SRVC;2;
1;true;CXX;M341;15;SRVC;1;
1;true;CXX;M341;1;SRVC;2;
1;true;CXX;M341;2;SRVC;1;
1;true;CXX;M341;3;SRVC;2;
1;true;CXX;M341;4;SRVC;1;
1;true;CXX;M341;5;SRVC;2;
1;true;CXX;M341;6;SRVC;1;
1;true;CXX;M341;7;SRVC;2;
1;true;CXX;M341;8;SRVC;2;
1;true;CXX;M341;9;SRVC;1;
1;true;CXX;M342;0;SRVC;1;
1;true;CXX;M342;1;SRVC;2;
1;true;CXX;M342;2;SRVC;1;
1;true;CXX;M342;3;SRVC;2;
1;true;CXX;M342;4;SRVC;1;
1;true;CXX;M346;0;SRVC;1;
1;true;CXX;M346;1;SRVC;2;
1;true;CXX;M346;2;SRVC;1;
1;true;CXX;M346;3;SRVC;2;
1;true;CXX;M347;0;SRVC;1;
1;true;CXX;M347;1;SRVC;2;
1;true;CXX;M347;2;SRVC;1;
1;true;CXX;M347;3;SRVC;2;
1;true;CXX;M347;4;SRVC;2;
1;true;CXX;M347;5;SRVC;1;
1;true;CXX;M347;6;SRVC;2;
1;true;CXX;M348;0;SRVC;1;
1;true;CXX;M348;1;SRVC;2;
1;true;CXX;M348;2;SRVC;2;
1;true;CXX;M348;3;SRVC;2;
1;true;CXX;M348;4;SRVC;1;
1;true;CXX;M348;5;SRVC;2;
1;true;CXX;M348;6;SRVC;1;
1;true;CXX;M348;7;SRVC;2;
1;true;CXX;M356;0;SRVC;1;
1;true;CXX;M356;1;SRVC;2;
1;true;CXX;M356;2;SRVC;1;
1;true;CXX;M356;3;SRVC;1;
1;true;CXX;M356;4;SRVC;2;
1;true;CXX;M357;0;SRVC;1;
1;true;CXX;M357;10;SRVC;2;
1;true;CXX;M357;1;SRVC;2;
1;true;CXX;M357;2;SRVC;1;
1;true;CXX;M357;3;SRVC;2;
1;true;CXX;M357;4;SRVC;1;
1;true;CXX;M357;5;SRVC;2;
1;true;CXX;M357;6;SRVC;1;
1;true;CXX;M357;7;SRVC;2;
1;true;CXX;M357;8;SRVC;1;
1;true;CXX;M357;9;SRVC;2;
1;true;CXX;M358;0;SRVC;1;
1;true;CXX;M358;10;SRVC;1;
1;true;CXX;M358;11;SRVC;2;
1;true;CXX;M358;12;SRVC;1;
1;true;CXX;M358;13;SRVC;2;
1;true;CXX;M358;14;SRVC;2;
1;true;CXX;M358;15;SRVC;2;
1;true;CXX;M358;1;SRVC;2;
1;true;CXX;M358;2;SRVC;1;
1;true;CXX;M358;3;SRVC;2;
1;true;CXX;M358;4;SRVC;1;
1;true;CXX;M358;5;SRVC;2;
1;true;CXX;M358;6;SRVC;1;
1;true;CXX;M358;7;SRVC;2;
1;true;CXX;M358;8;SRVC;1;
1;true;CXX;M358;9;SRVC;2;
1;true;CXX;M397;0;SRVC;1;
1;true;CXX;M397;1;SRVC;2;
1;true;CXX;M397;2;SRVC;1;
1;true;CXX;M397;3;SRVC;2;
1;true;CXX;M397;4;SRVC;1;
1;true;CXX;M397;5;SRVC;1;
1;true;CXX;M397;6;SRVC;2;
1;true;CXX;M397;7;SRVC;1;
1;true;CXX;M397;8;SRVC;1;
1;true;CXX;M401;0;SRVC;1;
1;true;CXX;M401;1;SRVC;2;
1;true;CXX;M401;2;SRVC;1;
1;true;CXX;M401;3;SRVC;2;
1;true;CXX;M612;0;SRVC;1;
1;true;CXX;M612;1;SRVC;2;
1;true;CXX;M612;2;SRVC;1;
1;true;CXX;M612;3;SRVC;2;
1;true;CXX;M640;0;SRVC;1;
1;true;CXX;M663;0;SRVC;1;
1;true;CXX;M663;1;SRVC;2;
1;true;CXX;M949;0;SRVC;1;
1;true;CXX;M949;1;SRVC;2;
1;true;CXX;M963;0;SRVC;1;
1;true;CXX;M963;1;SRVC;2;
1;true;CXX;M964;0;SRVC;1;
1;true;CXX;M964;1;SRVC;2;
1;true;CXX;N002;0;SRVC;1;
1;true;CXX;N002;1;SRVC;2;
1;true;CXX;N002;2;SRVC;1;
1;true;CXX;N002;3;SRVC;2;
1;true;CXX;N002;4;SRVC;2;
1;true;CXX;N002;5;SRVC;1;
1;true;CXX;N002;6;SRVC;2;
1;true;CXX;N003;0;SRVC;1;
1;true;CXX;N003;10;SRVC;1;
1;true;CXX;N003;11;SRVC;2;
1;true;CXX;N003;12;SRVC;2;
1;true;CXX;N003;13;SRVC;2;
1;true;CXX;N003;14;SRVC;1;
1;true;CXX;N003;15;SRVC;2;
1;true;CXX;N003;16;SRVC;1;
1;true;CXX;N003;17;SRVC;2;
1;true;CXX;N003;18;SRVC;1;
1;true;CXX;N003;19;SRVC;2;
1;true;CXX;N003;1;SRVC;2;
1;true;CXX;N003;20;SRVC;1;
1;true;CXX;N003;21;SRVC;2;
1;true;CXX;N003;2;SRVC;1;
1;true;CXX;N003;3;SRVC;2;
1;true;CXX;N003;4;SRVC;1;
1;true;CXX;N003;5;SRVC;2;
1;true;CXX;N003;6;SRVC;1;
1;true;CXX;N003;7;SRVC;2;
1;true;CXX;N003;8;SRVC;1;
1;true;CXX;N003;9;SRVC;2;
1;true;CXX;N004;0;SRVC;1;
1;true;CXX;N004;1;SRVC;2;
1;true;CXX;N004;2;SRVC;1;
1;true;CXX;N004;3;SRVC;2;
1;true;CXX;N007;0;SRVC;1;
1;true;CXX;N007;1;SRVC;1;
1;true;CXX;N007;2;SRVC;1;
1;true;CXX;N007;3;SRVC;1;
1;true;CXX;N008;0;SRVC;1;
1;true;CXX;N008;1;SRVC;1;
1;true;CXX;N008;2;SRVC;1;
1;true;CXX;N008;3;SRVC;1;
1;true;CXX;N009;0;SRVC;1;
1;true;CXX;N009;1;SRVC;2;
1;true;CXX;N009;2;SRVC;1;
1;true;CXX;N009;3;SRVC;2;
1;true;CXX;N009;4;SRVC;1;
1;true;CXX;N009;5;SRVC;1;
1;true;CXX;N014;0;SRVC;1;
1;true;CXX;N014;10;SRVC;1;
1;true;CXX;N014;11;SRVC;2;
1;true;CXX;N014;12;SRVC;1;
1;true;CXX;N014;13;SRVC;2;
1;true;CXX;N014;14;SRVC;1;
1;true;CXX;N014;15;SRVC;2;
1;true;CXX;N014;16;SRVC;1;
1;true;CXX;N014;17;SRVC;2;
1;true;CXX;N014;18;SRVC;1;
1;true;CXX;N014;19;SRVC;2;
1;true;CXX;N014;1;SRVC;2;
1;true;CXX;N014;20;SRVC;1;
1;true;CXX;N014;21;SRVC;2;
1;true;CXX;N014;22;SRVC;1;
1;true;CXX;N014;2;SRVC;1;
1;true;CXX;N014;3;SRVC;2;
1;true;CXX;N014;4;SRVC;1;
1;true;CXX;N014;5;SRVC;2;
1;true;CXX;N014;6;SRVC;1;
1;true;CXX;N014;7;SRVC;2;
1;true;CXX;N014;8;SRVC;1;
1;true;CXX;N014;9;SRVC;2;
1;true;CXX;N015;0;SRVC;1;
1;true;CXX;N015;1;SRVC;1;
1;true;CXX;N015;2;SRVC;1;
1;true;CXX;N015;3;SRVC;1;
1;true;CXX;N015;4;SRVC;2;
1;true;CXX;N015;5;SRVC;1;
1;true;CXX;N015;6;SRVC;1;
1;true;CXX;N059;0;SRVC;1;
1;true;CXX;N059;1;SRVC;2;
1;true;CXX;N059;2;SRVC;1;
1;true;CXX;N059;3;SRVC;2;
1;true;CXX;N063;0;SRVC;1;
1;true;CXX;N063;1;SRVC;2;
1;true;CXX;N063;2;SRVC;1;
1;true;CXX;N063;3;SRVC;2;
1;true;CXX;N063;4;SRVC;1;
1;true;CXX;N063;5;SRVC;1;
1;true;CXX;N063;6;SRVC;2;
1;true;CXX;N063;7;SRVC;1;
1;true;CXX;N063;8;SRVC;2;
1;true;CXX;N063;9;SRVC;1;
1;true;CXX;N064;0;SRVC;1;
1;true;CXX;N064;10;SRVC;1;
1;true;CXX;N064;11;SRVC;2;
1;true;CXX;N064;1;SRVC;2;
1;true;CXX;N064;2;SRVC;1;
1;true;CXX;N064;3;SRVC;2;
1;true;CXX;N064;4;SRVC;1;
1;true;CXX;N064;5;SRVC;2;
1;true;CXX;N064;6;SRVC;1;
1;true;CXX;N064;7;SRVC;2;
1;true;CXX;N064;8;SRVC;1;
1;true;CXX;N064;9;SRVC;2;
1;true;CXX;N065;0;SRVC;1;
1;true;CXX;N065;1;SRVC;2;
1;true;CXX;N065;2;SRVC;1;
1;true;CXX;N065;3;SRVC;2;
1;true;CXX;N067;0;SRVC;1;
1;true;CXX;N067;1;SRVC;2;
1;true;CXX;N067;2;SRVC;1;
1;true;CXX;N067;3;SRVC;2;
1;true;CXX;N069;0;SRVC;1;
1;true;CXX;N069;10;SRVC;1;
1;true;CXX;N069;11;SRVC;2;
1;true;CXX;N069;12;SRVC;2;
1;true;CXX;N069;1;SRVC;2;
1;true;CXX;N069;2;SRVC;1;
1;true;CXX;N069;3;SRVC;2;
1;true;CXX;N069;4;SRVC;1;
1;true;CXX;N069;5;SRVC;2;
1;true;CXX;N069;6;SRVC;1;
1;true;CXX;N069;7;SRVC;2;
1;true;CXX;N069;8;SRVC;1;
1;true;CXX;N069;9;SRVC;2;
1;true;CXX;N071;0;SRVC;1;
1;true;CXX;N071;1;SRVC;2;
1;true;CXX;N071;2;SRVC;1;
1;true;CXX;N071;3;SRVC;2;
1;true;CXX;N072;0;SRVC;1;
1;true;CXX;N072;1;SRVC;2;
1;true;CXX;N072;2;SRVC;1;
1;true;CXX;N072;3;SRVC;2;
1;true;CXX;N073;0;SRVC;1;
1;true;CXX;N073;10;SRVC;1;
1;true;CXX;N073;11;SRVC;1;
1;true;CXX;N073;12;SRVC;2;
1;true;CXX;N073;13;SRVC;1;
1;true;CXX;N073;14;SRVC;2;
1;true;CXX;N073;15;SRVC;1;
1;true;CXX;N073;16;SRVC;2;
1;true;CXX;N073;17;SRVC;1;
1;true;CXX;N073;18;SRVC;2;
1;true;CXX;N073;19;SRVC;1;
1;true;CXX;N073;1;SRVC;2;
1;true;CXX;N073;20;SRVC;1;
1;true;CXX;N073;2;SRVC;1;
1;true;CXX;N073;3;SRVC;2;
1;true;CXX;N073;4;SRVC;1;
1;true;CXX;N073;5;SRVC;2;
1;true;CXX;N073;6;SRVC;1;
1;true;CXX;N073;7;SRVC;2;
1;true;CXX;N073;8;SRVC;1;
1;true;CXX;N073;9;SRVC;2;
1;true;CXX;N074;0;SRVC;1;
1;true;CXX;N074;10;SRVC;1;
1;true;CXX;N074;11;SRVC;1;
1;true;CXX;N074;1;SRVC;2;
1;true;CXX;N074;2;SRVC;1;
1;true;CXX;N074;3;SRVC;2;
1;true;CXX;N074;4;SRVC;1;
1;true;CXX;N074;5;SRVC;1;
1;true;CXX;N074;6;SRVC;1;
1;true;CXX;N074;7;SRVC;2;
1;true;CXX;N074;8;SRVC;1;
1;true;CXX;N074;9;SRVC;2;
1;true;CXX;N076;0;SRVC;1;
1;true;CXX;N076;1;SRVC;1;
1;true;CXX;N078;0;SRVC;2;
1;true;CXX;N078;1;SRVC;2;
1;true;CXX;N078;2;SRVC;2;
1;true;CXX;N078;3;SRVC;2;
1;true;CXX;N078;4;SRVC;2;
1;true;CXX;N078;5;SRVC;2;
1;true;CXX;N079;0;SRVC;1;
1;true;CXX;N079;1;SRVC;2;
1;true;CXX;N079;2;SRVC;1;
1;true;CXX;N079;3;SRVC;2;
1;true;CXX;N079;4;SRVC;1;
1;true;CXX;N079;5;SRVC;2;
1;true;CXX;N079;6;SRVC;1;
1;true;CXX;N079;7;SRVC;2;
1;true;CXX;N080;0;SRVC;1;
1;true;CXX;N080;10;SRVC;1;
1;true;CXX;N080;11;SRVC;2;
1;true;CXX;N080;12;SRVC;1;
1;true;CXX;N080;13;SRVC;2;
1;true;CXX;N080;14;SRVC;1;
1;true;CXX;N080;1;SRVC;2;
1;true;CXX;N080;2;SRVC;1;
1;true;CXX;N080;3;SRVC;2;
1;true;CXX;N080;4;SRVC;1;
1;true;CXX;N080;5;SRVC;2;
1;true;CXX;N080;6;SRVC;1;
1;true;CXX;N080;7;SRVC;1;
1;true;CXX;N080;8;SRVC;1;
1;true;CXX;N080;9;SRVC;2;
1;true;CXX;N081;0;SRVC;1;
1;true;CXX;N081;1;SRVC;2;
1;true;CXX;N081;2;SRVC;1;
1;true;CXX;N081;3;SRVC;1;
1;true;CXX;N081;4;SRVC;2;
1;true;CXX;N081;5;SRVC;1;
1;true;CXX;N286;0;SRVC;1;
1;true;CXX;N286;1;SRVC;1;
1;true;CXX;N290;0;SRVC;1;
1;true;CXX;N292;0;SRVC;1;
1;true;CXX;N292;1;SRVC;2;
1;true;CXX;N292;2;SRVC;1;
1;true;CXX;N292;3;SRVC;1;
1;true;CXX;N292;4;SRVC;1;
1;true;CXX;N292;5;SRVC;2;
1;true;CXX;N292;6;SRVC;1;
1;true;CXX;N294;0;SRVC;1;
1;true;CXX;N294;1;SRVC;1;
1;true;CXX;N294;2;SRVC;1;
1;true;CXX;N294;3;SRVC;1;
1;true;CXX;N294;4;SRVC;1;
1;true;CXX;N294;5;SRVC;1;
1;true;CXX;N294;6;SRVC;1;
1;true;CXX;N382;0;SRVC;1;
1;true;CXX;N382;1;SRVC;2;
1;true;CXX;N382;2;SRVC;1;
1;true;CXX;N382;3;SRVC;2;
1;true;CXX;N382;4;SRVC;1;
1;true;CXX;N382;5;SRVC;2;
1;true;CXX;N382;6;SRVC;1;
1;true;CXX;N382;7;SRVC;2;
1;true;CXX;N385;0;SRVC;1;
1;true;CXX;N385;1;SRVC;2;
1;true;CXX;N385;2;SRVC;1;
1;true;CXX;N385;3;SRVC;2;
1;true;CXX;N391;0;SRVC;1;
1;true;CXX;N391;1;SRVC;2;
1;true;CXX;N391;2;SRVC;1;
1;true;CXX;N391;3;SRVC;2;
1;true;CXX;N391;4;SRVC;1;
1;true;CXX;N391;5;SRVC;2;
1;true;CXX;N391;6;SRVC;1;
1;true;CXX;N391;7;SRVC;2;
1;true;CXX;N392;0;SRVC;1;
1;true;CXX;N392;10;SRVC;2;
1;true;CXX;N392;1;SRVC;2;
1;true;CXX;N392;2;SRVC;1;
1;true;CXX;N392;3;SRVC;2;
1;true;CXX;N392;4;SRVC;2;
1;true;CXX;N392;5;SRVC;1;
1;true;CXX;N392;6;SRVC;2;
1;true;CXX;N392;7;SRVC;1;
1;true;CXX;N392;8;SRVC;2;
1;true;CXX;N392;9;SRVC;1;
1;true;CXX;N393;0;SRVC;1;
1;true;CXX;N393;1;SRVC;2;
1;true;CXX;N394;0;SRVC;1;
1;true;CXX;N394;1;SRVC;2;
1;true;CXX;N394;2;SRVC;2;
1;true;CXX;N394;3;SRVC;1;
1;true;CXX;N394;4;SRVC;2;
1;true;CXX;N394;5;SRVC;1;
1;true;CXX;N394;6;SRVC;2;
1;true;CXX;N395;0;SRVC;1;
1;true;CXX;N395;1;SRVC;2;
1;true;CXX;N395;2;SRVC;1;
1;true;CXX;N395;3;SRVC;2;
1;true;CXX;N395;4;SRVC;1;
1;true;CXX;N395;5;SRVC;2;
1;true;CXX;N398;0;SRVC;1;
1;true;CXX;N398;1;SRVC;2;
1;true;CXX;N414;0;SRVC;1;
1;true;CXX;N414;1;SRVC;2;
1;true;CXX;N414;2;SRVC;1;
1;true;CXX;N456;0;SRVC;1;
1;true;CXX;N456;1;SRVC;2;
1;true;CXX;N456;2;SRVC;1;
1;true;CXX;N456;3;SRVC;2;
1;true;CXX;N456;4;SRVC;1;
1;true;CXX;N456;5;SRVC;2;
1;true;CXX;N481;0;SRVC;1;
1;true;CXX;N481;1;SRVC;2;
1;true;CXX;N481;2;SRVC;2;
1;true;CXX;N481;3;SRVC;1;
1;true;CXX;N481;4;SRVC;2;
1;true;CXX;N481;5;SRVC;2;
1;true;CXX;N567;0;SRVC;1;
1;true;CXX;N567;1;SRVC;2;
1;true;CXX;N567;2;SRVC;1;
1;true;CXX;N567;3;SRVC;2;
1;true;CXX;N568;0;SRVC;1;
1;true;CXX;N568;1;SRVC;2;
1;true;CXX;N568;2;SRVC;1;
1;true;CXX;N568;3;SRVC;2;
1;true;CXX;N680;0;SRVC;1;
1;true;CXX;N680;1;SRVC;2;
1;true;CXX;N680;2;SRVC;1;
1;true;CXX;N680;3;SRVC;2;
1;true;CXX;V102;0;SRVC;1;
1;true;CXX;V102;1;SRVC;2;
1;true;CXX;V102;2;SRVC;1;
1;true;CXX;V102;3;SRVC;2;
1;true;CXX;V102;4;SRVC;1;
1;true;CXX;V102;5;SRVC;2;
1;true;CXX;V102;6;SRVC;1;
1;true;CXX;V102;7;SRVC;2;
1;true;CXX;V107;0;SRVC;1;
1;true;CXX;V107;10;SRVC;2;
1;true;CXX;V107;11;SRVC;2;
1;true;CXX;V107;1;SRVC;2;
1;true;CXX;V107;2;SRVC;1;
1;true;CXX;V107;3;SRVC;2;
1;true;CXX;V107;4;SRVC;2;
1;true;CXX;V107;5;SRVC;2;
1;true;CXX;V107;6;SRVC;1;
1;true;CXX;V107;7;SRVC;2;
1;true;CXX;V107;8;SRVC;1;
1;true;CXX;V107;9;SRVC;2;
1;true;CXX;V108;0;SRVC;1;
1;true;CXX;V108;10;SRVC;1;
1;true;CXX;V108;11;SRVC;2;
1;true;CXX;V108;12;SRVC;1;
1;true;CXX;V108;13;SRVC;2;
1;true;CXX;V108;14;SRVC;1;
1;true;CXX;V108;15;SRVC;1;
1;true;CXX;V108;1;SRVC;2;
1;true;CXX;V108;2;SRVC;1;
1;true;CXX;V108;3;SRVC;2;
1;true;CXX;V108;4;SRVC;1;
1;true;CXX;V108;5;SRVC;2;
1;true;CXX;V108;6;SRVC;1;
1;true;CXX;V108;7;SRVC;1;
1;true;CXX;V108;8;SRVC;1;
1;true;CXX;V108;9;SRVC;2;
1;true;CXX;V209;0;SRVC;1;
1;true;CXX;V209;1;SRVC;2;
1;true;CXX;V209;2;SRVC;2;
1;true;CXX;V602;0;SRVC;1;
1;true;CXX;V602;10;SRVC;1;
1;true;CXX;V602;11;SRVC;1;
1;true;CXX;V602;1;SRVC;2;
1;true;CXX;V602;2;SRVC;1;
1;true;CXX;V602;3;SRVC;2;
1;true;CXX;V602;4;SRVC;1;
1;true;CXX;V602;5;SRVC;1;
1;true;CXX;V602;6;SRVC;1;
1;true;CXX;V602;7;SRVC;2;
1;true;CXX;V602;8;SRVC;1;
1;true;CXX;V602;9;SRVC;2;
1;true;CXX;V603;0;SRVC;1;
1;true;CXX;V603;1;SRVC;2;
1;true;CXX;V618;0;SRVC;1;
1;true;CXX;V618;1;SRVC;2;
1;true;CXX;V618;2;SRVC;1;
1;true;CXX;V619;0;SRVC;1;
1;true;CXX;W091;0;SRVC;1;
1;true;CXX;W091;1;SRVC;1;
1;true;CXX;X001;0;SRVC;1;
1;true;CXX;X001;1;SRVC;2;
1;true;CXX;X001;2;SRVC;1;
1;true;CXX;X001;3;SRVC;2;
1;true;CXX;X002;0;SRVC;1;
1;true;CXX;X002;1;SRVC;2;
1;true;CXX;X002;2;SRVC;1;
1;true;CXX;X002;3;SRVC;2;
1;true;CXX;X002;4;SRVC;1;
1;true;CXX;X002;5;SRVC;2;
1;true;CXX;X002;6;SRVC;1;
1;true;CXX;X002;7;SRVC;2;
1;true;CXX;X003;0;SRVC;1;
1;true;CXX;X003;1;SRVC;2;
1;true;CXX;X003;2;SRVC;1;
1;true;CXX;X003;3;SRVC;2;
1;true;CXX;X004;0;SRVC;1;
1;true;CXX;X004;1;SRVC;2;
1;true;CXX;X004;2;SRVC;1;
1;true;CXX;X004;3;SRVC;2;
1;true;CXX;X004;4;SRVC;1;
1;true;CXX;X004;5;SRVC;1;
1;true;CXX;X004;6;SRVC;2;
1;true;CXX;X004;7;SRVC;1;
1;true;CXX;X004;8;SRVC;1;
1;true;CXX;X005;0;SRVC;1;
1;true;CXX;X005;10;SRVC;2;
1;true;CXX;X005;11;SRVC;1;
1;true;CXX;X005;12;SRVC;2;
1;true;CXX;X005;13;SRVC;1;
1;true;CXX;X005;14;SRVC;2;
1;true;CXX;X005;15;SRVC;1;
1;true;CXX;X005;16;SRVC;2;
1;true;CXX;X005;17;SRVC;1;
1;true;CXX;X005;18;SRVC;2;
1;true;CXX;X005;19;SRVC;1;
1;true;CXX;X005;1;SRVC;2;
1;true;CXX;X005;20;SRVC;2;
1;true;CXX;X005;2;SRVC;1;
1;true;CXX;X005;3;SRVC;2;
1;true;CXX;X005;4;SRVC;1;
1;true;CXX;X005;5;SRVC;2;
1;true;CXX;X005;6;SRVC;1;
1;true;CXX;X005;7;SRVC;2;
1;true;CXX;X005;8;SRVC;1;
1;true;CXX;X005;9;SRVC;1;
1;true;CXX;X006;0;SRVC;1;
1;true;CXX;X006;1;SRVC;2;
1;true;CXX;X006;2;SRVC;1;
1;true;CXX;X006;3;SRVC;2;
1;true;CXX;X006;4;SRVC;1;
1;true;CXX;X006;5;SRVC;2;
1;true;CXX;X006;6;SRVC;1;
1;true;CXX;X006;7;SRVC;2;
1;true;CXX;X006;8;SRVC;1;
1;true;CXX;X007;0;SRVC;1;
1;true;CXX;X007;1;SRVC;2;
1;true;CXX;X008;0;SRVC;1;
1;true;CXX;X008;1;SRVC;2;
1;true;CXX;X008;2;SRVC;1;
1;true;CXX;X008;3;SRVC;2;
1;true;CXX;X008;4;SRVC;1;
1;true;CXX;X008;5;SRVC;2;
1;true;CXX;X008;6;SRVC;1;
1;true;CXX;X008;7;SRVC;2;
1;true;CXX;X009;0;SRVC;1;
1;true;CXX;X009;1;SRVC;2;
1;true;CXX;X009;2;SRVC;1;
1;true;CXX;X009;3;SRVC;2;
1;true;CXX;X010;0;SRVC;1;
1;true;CXX;X010;1;SRVC;1;
1;true;CXX;X011;0;SRVC;1;
1;true;CXX;X011;1;SRVC;2;
1;true;CXX;X011;2;SRVC;1;
1;true;CXX;X011;3;SRVC;2;
1;true;CXX;X012;0;SRVC;1;
1;true;CXX;X012;1;SRVC;2;
1;true;CXX;X012;2;SRVC;1;
1;true;CXX;X012;3;SRVC;1;
1;true;CXX;X012;4;SRVC;2;
1;true;CXX;X012;5;SRVC;1;
1;true;CXX;X013;0;SRVC;1;
1;true;CXX;X013;10;SRVC;1;
1;true;CXX;X013;11;SRVC;2;
1;true;CXX;X013;1;SRVC;2;
1;true;CXX;X013;2;SRVC;1;
1;true;CXX;X013;3;SRVC;2;
1;true;CXX;X013;4;SRVC;1;
1;true;CXX;X013;5;SRVC;2;
1;true;CXX;X013;6;SRVC;1;
1;true;CXX;X013;7;SRVC;2;
1;true;CXX;X013;8;SRVC;1;
1;true;CXX;X013;9;SRVC;2;
1;true;CXX;X015;0;SRVC;1;
1;true;CXX;X015;1;SRVC;2;
1;true;CXX;X015;2;SRVC;2;
1;true;CXX;X015;3;SRVC;2;
1;true;CXX;X015;4;SRVC;1;
1;true;CXX;X015;5;SRVC;2;
1;true;CXX;X015;6;SRVC;2;
1;true;CXX;X015;7;SRVC;2;
1;true;CXX;X042;0;SRVC;1;
1;true;CXX;X042;1;SRVC;2;
1;true;CXX;X042;2;SRVC;1;
1;true;CXX;X042;3;SRVC;1;
1;true;CXX;X042;4;SRVC;2;
1;true;CXX;X042;5;SRVC;1;
1;true;CXX;X058;0;SRVC;1;
1;true;CXX;X058;10;SRVC;1;
1;true;CXX;X058;11;SRVC;2;
1;true;CXX;X058;12;SRVC;2;
1;true;CXX;X058;13;SRVC;1;
1;true;CXX;X058;14;SRVC;2;
1;true;CXX;X058;15;SRVC;1;
1;true;CXX;X058;16;SRVC;2;
1;true;CXX;X058;17;SRVC;1;
1;true;CXX;X058;18;SRVC;2;
1;true;CXX;X058;19;SRVC;1;
1;true;CXX;X058;1;SRVC;2;
1;true;CXX;X058;20;SRVC;2;
1;true;CXX;X058;21;SRVC;1;
1;true;CXX;X058;22;SRVC;2;
1;true;CXX;X058;23;SRVC;1;
1;true;CXX;X058;24;SRVC;2;
1;true;CXX;X058;25;SRVC;2;
1;true;CXX;X058;2;SRVC;1;
1;true;CXX;X058;3;SRVC;2;
1;true;CXX;X058;4;SRVC;1;
1;true;CXX;X058;5;SRVC;2;
1;true;CXX;X058;6;SRVC;1;
1;true;CXX;X058;7;SRVC;2;
1;true;CXX;X058;8;SRVC;1;
1;true;CXX;X058;9;SRVC;2;
1;true;CXX;X076;0;SRVC;1;
1;true;CXX;X076;1;SRVC;2;
1;true;CXX;X076;2;SRVC;1;
1;true;CXX;X076;3;SRVC;2;
1;true;CXX;X080;0;SRVC;1;
1;true;CXX;X080;1;SRVC;2;
1;true;CXX;X080;2;SRVC;1;
1;true;CXX;X080;3;SRVC;2;
1;true;CXX;X082;0;SRVC;1;
1;true;CXX;X082;1;SRVC;2;
1;true;CXX;X082;2;SRVC;1;
1;true;CXX;X082;3;SRVC;2;
1;true;CXX;X083;0;SRVC;1;
1;true;CXX;X083;10;SRVC;1;
1;true;CXX;X083;11;SRVC;1;
1;true;CXX;X083;12;SRVC;2;
1;true;CXX;X083;13;SRVC;1;
1;true;CXX;X083;14;SRVC;2;
1;true;CXX;X083;15;SRVC;1;
1;true;CXX;X083;16;SRVC;2;
1;true;CXX;X083;17;SRVC;1;
1;true;CXX;X083;18;SRVC;2;
1;true;CXX;X083;19;SRVC;1;
1;true;CXX;X083;1;SRVC;2;
1;true;CXX;X083;20;SRVC;2;
1;true;CXX;X083;21;SRVC;1;
1;true;CXX;X083;2;SRVC;1;
1;true;CXX;X083;3;SRVC;2;
1;true;CXX;X083;4;SRVC;1;
1;true;CXX;X083;5;SRVC;2;
1;true;CXX;X083;6;SRVC;1;
1;true;CXX;X083;7;SRVC;2;
1;true;CXX;X083;8;SRVC;1;
1;true;CXX;X083;9;SRVC;2;
1;true;CXX;X085;0;SRVC;1;
1;true;CXX;X085;1;SRVC;2;
1;true;CXX;X085;2;SRVC;1;
1;true;CXX;X085;3;SRVC;2;
1;true;CXX;X089;0;SRVC;1;
1;true;CXX;X089;1;SRVC;2;
1;true;CXX;X089;2;SRVC;1;
1;true;CXX;X089;3;SRVC;2;
1;true;CXX;X099;0;SRVC;1;
1;true;CXX;X099;1;SRVC;2;
1;true;CXX;X099;2;SRVC;1;
1;true;CXX;X099;3;SRVC;2;
1;true;CXX;X099;4;SRVC;1;
1;true;CXX;X099;5;SRVC;2;
1;true;CXX;X099;6;SRVC;1;
1;true;CXX;X099;7;SRVC;2;
1;true;CXX;X125;0;SRVC;1;
1;true;CXX;X561;0;SRVC;1;
1;true;CXX;X561;1;SRVC;2;
1;true;CXX;X561;2;SRVC;1;
1;true;CXX;X561;3;SRVC;2;
1;true;CXX;X561;4;SRVC;1;
1;true;CXX;X561;5;SRVC;2;
1;true;CXX;X561;6;SRVC;2;
1;true;CXX;X562;0;SRVC;1;
1;true;CXX;X562;1;SRVC;2;
1;true;CXX;X562;2;SRVC;1;
1;true;CXX;X562;3;SRVC;2;
1;true;CXX;X563;0;SRVC;1;
1;true;CXX;X563;1;SRVC;2;
1;true;CXX;X563;2;SRVC;1;
1;true;CXX;X563;3;SRVC;2;
1;true;CXX;X564;0;SRVC;1;
1;true;CXX;X564;1;SRVC;2;
1;true;CXX;X564;2;SRVC;1;
1;true;CXX;X565;0;SRVC;1;
1;true;CXX;X565;1;SRVC;2;
1;true;CXX;X565;2;SRVC;1;
1;true;CXX;X565;3;SRVC;2;
1;true;CXX;X568;0;SRVC;1;
1;true;CXX;X568;1;SRVC;2;
1;true;CXX;X568;2;SRVC;1;
1;true;CXX;X568;3;SRVC;2;
1;true;CXX;X568;4;SRVC;1;
1;true;CXX;X568;5;SRVC;2;
1;true;CXX;X568;6;SRVC;1;
1;true;CXX;X568;7;SRVC;2;
1;true;CXX;Y070;0;SRVC;1;
1;true;CXX;Y070;10;SRVC;1;
1;true;CXX;Y070;1;SRVC;2;
1;true;CXX;Y070;2;SRVC;1;
1;true;CXX;Y070;3;SRVC;2;
1;true;CXX;Y070;4;SRVC;1;
1;true;CXX;Y070;5;SRVC;2;
1;true;CXX;Y070;6;SRVC;1;
1;true;CXX;Y070;7;SRVC;2;
1;true;CXX;Y070;8;SRVC;1;
1;true;CXX;Y070;9;SRVC;2;
1;true;CXX;Y071;0;SRVC;1;
1;true;CXX;Y071;1;SRVC;2;
1;true;CXX;Y071;2;SRVC;1;
1;true;CXX;Y071;3;SRVC;2;
1;true;CXX;Y071;4;SRVC;1;
1;true;CXX;Y071;5;SRVC;2;
1;true;CXX;Y071;6;SRVC;1;
1;true;CXX;Y071;7;SRVC;2;
1;true;CXX;Y074;0;SRVC;1;
1;true;CXX;Y074;10;SRVC;2;
1;true;CXX;Y074;11;SRVC;1;
1;true;CXX;Y074;12;SRVC;2;
1;true;CXX;Y074;13;SRVC;1;
1;true;CXX;Y074;14;SRVC;2;
1;true;CXX;Y074;15;SRVC;1;
1;true;CXX;Y074;16;SRVC;2;
1;true;CXX;Y074;1;SRVC;2;
1;true;CXX;Y074;2;SRVC;1;
1;true;CXX;Y074;3;SRVC;2;
1;true;CXX;Y074;4;SRVC;1;
1;true;CXX;Y074;5;SRVC;2;
1;true;CXX;Y074;6;SRVC;1;
1;true;CXX;Y074;7;SRVC;2;
1;true;CXX;Y074;8;SRVC;1;
1;true;CXX;Y074;9;SRVC;2;
1;true;CXX;Y075;0;SRVC;1;
1;true;CXX;Y075;1;SRVC;2;
1;true;CXX;Y075;2;SRVC;2;
1;true;CXX;Y075;3;SRVC;1;
1;true;CXX;Y075;4;SRVC;2;
1;true;CXX;Y076;0;SRVC;1;
1;true;CXX;Y076;1;SRVC;2;
1;true;CXX;Y076;2;SRVC;1;
1;true;CXX;Y076;3;SRVC;2;
1;true;CXX;Y076;4;SRVC;2;
1;true;CXX;Y076;5;SRVC;1;
1;true;CXX;Y076;6;SRVC;2;
1;true;CXX;Y077;0;SRVC;1;
1;true;CXX;Y077;1;SRVC;2;
1;true;CXX;Y082;0;SRVC;1;
1;true;CXX;Y082;1;SRVC;2;
1;true;CXX;Y082;2;SRVC;1;
1;true;CXX;Y082;3;SRVC;2;
1;true;CXX;Y171;0;SRVC;1;
1;true;CXX;Y171;1;SRVC;2;
1;true;CXX;Y679;0;SRVC;1;
1;true;CXX;Y679;1;SRVC;2;
1;true;CXX;Z001;0;SRVC;1;
1;true;CXX;Z001;1;SRVC;2;
1;true;CXX;Z001;2;SRVC;1;
1;true;CXX;Z001;3;SRVC;2;
1;true;CXX;Z001;4;SRVC;1;
1;true;CXX;Z001;5;SRVC;2;
1;true;CXX;Z001;6;SRVC;1;
1;true;CXX;Z001;7;SRVC;2;
1;true;CXX;Z006;0;SRVC;1;
1;true;CXX;Z006;1;SRVC;2;
1;true;CXX;Z006;2;SRVC;1;
1;true;CXX;Z006;3;SRVC;2;
1;true;CXX;Z009;0;SRVC;1;
1;true;CXX;Z009;1;SRVC;2;
1;true;CXX;Z009;2;SRVC;1;
1;true;CXX;Z009;3;SRVC;2;
1;true;CXX;Z010;0;SRVC;1;
1;true;CXX;Z010;10;SRVC;1;
1;true;CXX;Z010;11;SRVC;2;
1;true;CXX;Z010;12;SRVC;1;
1;true;CXX;Z010;13;SRVC;2;
1;true;CXX;Z010;14;SRVC;1;
1;true;CXX;Z010;15;SRVC;2;
1;true;CXX;Z010;16;SRVC;1;
1;true;CXX;Z010;17;SRVC;1;
1;true;CXX;Z010;1;SRVC;2;
1;true;CXX;Z010;2;SRVC;1;
1;true;CXX;Z010;3;SRVC;2;
1;true;CXX;Z010;4;SRVC;1;
1;true;CXX;Z010;5;SRVC;2;
1;true;CXX;Z010;6;SRVC;1;
1;true;CXX;Z010;7;SRVC;2;
1;true;CXX;Z010;8;SRVC;1;
1;true;CXX;Z010;9;SRVC;2;
1;true;CXX;Z019;0;SRVC;1;
1;true;CXX;Z019;1;SRVC;2;
1;true;CXX;Z020;0;SRVC;1;
1;true;CXX;Z020;10;SRVC;1;
1;true;CXX;Z020;11;SRVC;2;
1;true;CXX;Z020;12;SRVC;1;
1;true;CXX;Z020;13;SRVC;2;
1;true;CXX;Z020;14;SRVC;1;
1;true;CXX;Z020;15;SRVC;2;
1;true;CXX;Z020;16;SRVC;1;
1;true;CXX;Z020;17;SRVC;2;
1;true;CXX;Z020;18;SRVC;1;
1;true;CXX;Z020;19;SRVC;2;
1;true;CXX;Z020;1;SRVC;2;
1;true;CXX;Z020;20;SRVC;1;
1;true;CXX;Z020;21;SRVC;1;
1;true;CXX;Z020;22;SRVC;2;
1;true;CXX;Z020;23;SRVC;1;
1;true;CXX;Z020;24;SRVC;2;
1;true;CXX;Z020;25;SRVC;1;
1;true;CXX;Z020;26;SRVC;2;
1;true;CXX;Z020;27;SRVC;1;
1;true;CXX;Z020;28;SRVC;2;
1;true;CXX;Z020;29;SRVC;1;
1;true;CXX;Z020;2;SRVC;1;
1;true;CXX;Z020;30;SRVC;2;
1;true;CXX;Z020;31;SRVC;1;
1;true;CXX;Z020;32;SRVC;2;
1;true;CXX;Z020;33;SRVC;1;
1;true;CXX;Z020;34;SRVC;2;
1;true;CXX;Z020;35;SRVC;1;
1;true;CXX;Z020;36;SRVC;2;
1;true;CXX;Z020;37;SRVC;1;
1;true;CXX;Z020;38;SRVC;2;
1;true;CXX;Z020;39;SRVC;1;
1;true;CXX;Z020;3;SRVC;2;
1;true;CXX;Z020;40;SRVC;2;
1;true;CXX;Z020;41;SRVC;1;
1;true;CXX;Z020;4;SRVC;1;
1;true;CXX;Z020;5;SRVC;2;
1;true;CXX;Z020;6;SRVC;1;
1;true;CXX;Z020;7;SRVC;2;
1;true;CXX;Z020;8;SRVC;1;
1;true;CXX;Z020;9;SRVC;2;
1;true;CXX;Z023;0;SRVC;1;
1;true;CXX;Z023;1;SRVC;2;
1;true;CXX;Z023;2;SRVC;1;
1;true;CXX;Z023;3;SRVC;2;
1;true;CXX;Z023;4;SRVC;1;
1;true;CXX;Z023;5;SRVC;2;
1;true;CXX;Z023;6;SRVC;1;
1;true;CXX;Z023;7;SRVC;1;
1;true;CXX;Z027;0;SRVC;1;
1;true;CXX;Z027;1;SRVC;2;
1;true;CXX;Z027;2;SRVC;1;
1;true;CXX;Z027;3;SRVC;2;
1;true;CXX;Z031;0;SRVC;1;
1;true;CXX;Z031;1;SRVC;2;
1;true;CXX;Z031;2;SRVC;1;
1;true;CXX;Z031;3;SRVC;2;
1;true;CXX;Z031;4;SRVC;1;
1;true;CXX;Z042;0;SRVC;1;
1;true;CXX;Z042;10;SRVC;1;
1;true;CXX;Z042;11;SRVC;2;
1;true;CXX;Z042;12;SRVC;1;
1;true;CXX;Z042;13;SRVC;2;
1;true;CXX;Z042;14;SRVC;1;
1;true;CXX;Z042;15;SRVC;2;
1;true;CXX;Z042;16;SRVC;1;
1;true;CXX;Z042;17;SRVC;2;
1;true;CXX;Z042;18;SRVC;1;
1;true;CXX;Z042;19;SRVC;2;
1;true;CXX;Z042;1;SRVC;2;
1;true;CXX;Z042;20;SRVC;1;
1;true;CXX;Z042;21;SRVC;2;
1;true;CXX;Z042;22;SRVC;1;
1;true;CXX;Z042;23;SRVC;2;
1;true;CXX;Z042;24;SRVC;1;
1;true;CXX;Z042;25;SRVC;2;
1;true;CXX;Z042;26;SRVC;1;
1;true;CXX;Z042;27;SRVC;2;
1;true;CXX;Z042;28;SRVC;1;
1;true;CXX;Z042;29;SRVC;2;
1;true;CXX;Z042;2;SRVC;1;
1;true;CXX;Z042;30;SRVC;1;
1;true;CXX;Z042;31;SRVC;2;
1;true;CXX;Z042;32;SRVC;1;
1;true;CXX;Z042;33;SRVC;2;
1;true;CXX;Z042;34;SRVC;1;
1;true;CXX;Z042;3;SRVC;2;
1;true;CXX;Z042;4;SRVC;1;
1;true;CXX;Z042;5;SRVC;2;
1;true;CXX;Z042;6;SRVC;1;
1;true;CXX;Z042;7;SRVC;2;
1;true;CXX;Z042;8;SRVC;1;
1;true;CXX;Z042;9;SRVC;2;
1;true;CXX;Z050;0;SRVC;1;
1;true;CXX;Z050;10;SRVC;1;
1;true;CXX;Z050;11;SRVC;2;
1;true;CXX;Z050;1;SRVC;2;
1;true;CXX;Z050;2;SRVC;1;
1;true;CXX;Z050;3;SRVC;2;
1;true;CXX;Z050;4;SRVC;1;
1;true;CXX;Z050;5;SRVC;2;
1;true;CXX;Z050;6;SRVC;1;
1;true;CXX;Z050;7;SRVC;2;
1;true;CXX;Z050;8;SRVC;1;
1;true;CXX;Z050;9;SRVC;2;
1;true;CXX;Z052;0;SRVC;1;
1;true;CXX;Z052;1;SRVC;2;
1;true;CXX;Z052;2;SRVC;1;
1;true;CXX;Z052;3;SRVC;2;
1;true;CXX;Z053;0;SRVC;1;
1;true;CXX;Z053;1;SRVC;2;
1;true;CXX;Z053;2;SRVC;1;
1;true;CXX;Z053;3;SRVC;2;
1;true;CXX;Z053;4;SRVC;2;
1;true;CXX;Z053;5;SRVC;1;
1;true;CXX;Z053;6;SRVC;2;
1;true;CXX;Z053;7;SRVC;1;
1;true;CXX;Z053;8;SRVC;2;
1;true;CXX;Z053;9;SRVC;2;
1;true;CXX;Z056;0;SRVC;1;
1;true;CXX;Z056;1;SRVC;2;
1;true;CXX;Z056;2;SRVC;1;
1;true;CXX;Z056;3;SRVC;2;
1;true;CXX;Z057;0;SRVC;1;
1;true;CXX;Z057;1;SRVC;2;
1;true;CXX;Z058;0;SRVC;1;
1;true;CXX;Z058;10;SRVC;1;
1;true;CXX;Z058;11;SRVC;2;
1;true;CXX;Z058;1;SRVC;2;
1;true;CXX;Z058;2;SRVC;1;
1;true;CXX;Z058;3;SRVC;2;
1;true;CXX;Z058;4;SRVC;1;
1;true;CXX;Z058;5;SRVC;2;
1;true;CXX;Z058;6;SRVC;1;
1;true;CXX;Z058;7;SRVC;2;
1;true;CXX;Z058;8;SRVC;1;
1;true;CXX;Z058;9;SRVC;2;
1;true;CXX;Z065;0;SRVC;1;
1;true;CXX;Z065;1;SRVC;2;
1;true;CXX;Z104;0;SRVC;1;
1;true;CXX;Z104;10;SRVC;1;
1;true;CXX;Z104;11;SRVC;2;
1;true;CXX;Z104;12;SRVC;1;
1;true;CXX;Z104;13;SRVC;2;
1;true;CXX;Z104;14;SRVC;2;
1;true;CXX;Z104;1;SRVC;2;
1;true;CXX;Z104;2;SRVC;1;
1;true;CXX;Z104;3;SRVC;2;
1;true;CXX;Z104;4;SRVC;2;
1;true;CXX;Z104;5;SRVC;1;
1;true;CXX;Z104;6;SRVC;2;
1;true;CXX;Z104;7;SRVC;1;
1;true;CXX;Z104;8;SRVC;2;
1;true;CXX;Z104;9;SRVC;2;
1;true;CXX;Z132;0;SRVC;1;
1;true;CXX;Z132;10;SRVC;2;
1;true;CXX;Z132;11;SRVC;1;
1;true;CXX;Z132;12;SRVC;2;
1;true;CXX;Z132;13;SRVC;1;
1;true;CXX;Z132;14;SRVC;2;
1;true;CXX;Z132;15;SRVC;1;
1;true;CXX;Z132;16;SRVC;1;
1;true;CXX;Z132;17;SRVC;1;
1;true;CXX;Z132;1;SRVC;2;
1;true;CXX;Z132;2;SRVC;1;
1;true;CXX;Z132;3;SRVC;2;
1;true;CXX;Z132;4;SRVC;1;
1;true;CXX;Z132;5;SRVC;2;
1;true;CXX;Z132;6;SRVC;1;
1;true;CXX;Z132;7;SRVC;1;
1;true;CXX;Z132;8;SRVC;1;
1;true;CXX;Z132;9;SRVC;1;
1;true;CXX;Z133;0;SRVC;1;
1;true;CXX;Z133;10;SRVC;1;
1;true;CXX;Z133;11;SRVC;2;
1;true;CXX;Z133;12;SRVC;1;
1;true;CXX;Z133;13;SRVC;2;
1;true;CXX;Z133;14;SRVC;1;
1;true;CXX;Z133;15;SRVC;2;
1;true;CXX;Z133;16;SRVC;1;
1;true;CXX;Z133;17;SRVC;2;
1;true;CXX;Z133;18;SRVC;1;
1;true;CXX;Z133;19;SRVC;2;
1;true;CXX;Z133;1;SRVC;2;
1;true;CXX;Z133;20;SRVC;1;
1;true;CXX;Z133;21;SRVC;2;
1;true;CXX;Z133;22;SRVC;1;
1;true;CXX;Z133;23;SRVC;2;
1;true;CXX;Z133;24;SRVC;1;
1;true;CXX;Z133;25;SRVC;1;
1;true;CXX;Z133;26;SRVC;1;
1;true;CXX;Z133;27;SRVC;1;
1;true;CXX;Z133;28;SRVC;2;
1;true;CXX;Z133;29;SRVC;1;
1;true;CXX;Z133;2;SRVC;1;
1;true;CXX;Z133;30;SRVC;2;
1;true;CXX;Z133;31;SRVC;1;
1;true;CXX;Z133;32;SRVC;2;
1;true;CXX;Z133;33;SRVC;1;
1;true;CXX;Z133;34;SRVC;2;
1;true;CXX;Z133;35;SRVC;1;
1;true;CXX;Z133;36;SRVC;2;
1;true;CXX;Z133;37;SRVC;1;
1;true;CXX;Z133;38;SRVC;2;
1;true;CXX;Z133;39;SRVC;1;
1;true;CXX;Z133;3;SRVC;2;
1;true;CXX;Z133;40;SRVC;2;
1;true;CXX;Z133;41;SRVC;1;
1;true;CXX;Z133;42;SRVC;2;
1;true;CXX;Z133;43;SRVC;1;
1;true;CXX;Z133;44;SRVC;2;
1;true;CXX;Z133;45;SRVC;1;
1;true;CXX;Z133;46;SRVC;2;
1;true;CXX;Z133;47;SRVC;1;
1;true;CXX;Z133;48;SRVC;2;
1;true;CXX;Z133;49;SRVC;1;
1;true;CXX;Z133;4;SRVC;1;
1;true;CXX;Z133;50;SRVC;2;
1;true;CXX;Z133;51;SRVC;1;
1;true;CXX;Z133;52;SRVC;1;
1;true;CXX;Z133;53;SRVC;1;
1;true;CXX;Z133;54;SRVC;1;
1;true;CXX;Z133;5;SRVC;2;
1;true;CXX;Z133;6;SRVC;1;
1;true;CXX;Z133;7;SRVC;2;
1;true;CXX;Z133;8;SRVC;1;
1;true;CXX;Z133;9;SRVC;2;
1;true;CXX;Z134;0;SRVC;1;
1;true;CXX;Z134;1;SRVC;2;
1;true;CXX;Z135;0;SRVC;1;
1;true;CXX;Z135;10;SRVC;2;
1;true;CXX;Z135;11;SRVC;1;
1;true;CXX;Z135;12;SRVC;2;
1;true;CXX;Z135;13;SRVC;1;
1;true;CXX;Z135;14;SRVC;2;
1;true;CXX;Z135;15;SRVC;1;
1;true;CXX;Z135;16;SRVC;2;
1;true;CXX;Z135;17;SRVC;2;
1;true;CXX;Z135;18;SRVC;1;
1;true;CXX;Z135;19;SRVC;2;
1;true;CXX;Z135;1;SRVC;2;
1;true;CXX;Z135;20;SRVC;1;
1;true;CXX;Z135;21;SRVC;2;
1;true;CXX;Z135;22;SRVC;1;
1;true;CXX;Z135;23;SRVC;2;
1;true;CXX;Z135;24;SRVC;2;
1;true;CXX;Z135;2;SRVC;1;
1;true;CXX;Z135;3;SRVC;2;
1;true;CXX;Z135;4;SRVC;1;
1;true;CXX;Z135;5;SRVC;2;
1;true;CXX;Z135;6;SRVC;1;
1;true;CXX;Z135;7;SRVC;2;
1;true;CXX;Z135;8;SRVC;2;
1;true;CXX;Z135;9;SRVC;1;
1;true;CXX;Z137;0;SRVC;1;
1;true;CXX;Z137;1;SRVC;2;
1;true;CXX;Z137;2;SRVC;1;
1;true;CXX;Z137;3;SRVC;2;
1;true;CXX;Z137;4;SRVC;1;
1;true;CXX;Z137;5;SRVC;2;
1;true;CXX;Z138;0;SRVC;1;
1;true;CXX;Z138;10;SRVC;1;
1;true;CXX;Z138;11;SRVC;2;
1;true;CXX;Z138;1;SRVC;2;
1;true;CXX;Z138;2;SRVC;1;
1;true;CXX;Z138;3;SRVC;2;
1;true;CXX;Z138;4;SRVC;1;
1;true;CXX;Z138;5;SRVC;2;
1;true;CXX;Z138;6;SRVC;1;
1;true;CXX;Z138;7;SRVC;2;
1;true;CXX;Z138;8;SRVC;1;
1;true;CXX;Z138;9;SRVC;2;
1;true;CXX;Z160;0;SRVC;1;
1;true;CXX;Z160;10;SRVC;2;
1;true;CXX;Z160;11;SRVC;1;
1;true;CXX;Z160;12;SRVC;2;
1;true;CXX;Z160;13;SRVC;2;
1;true;CXX;Z160;14;SRVC;1;
1;true;CXX;Z160;15;SRVC;2;
1;true;CXX;Z160;16;SRVC;1;
1;true;CXX;Z160;17;SRVC;2;
1;true;CXX;Z160;18;SRVC;1;
1;true;CXX;Z160;19;SRVC;2;
1;true;CXX;Z160;1;SRVC;2;
1;true;CXX;Z160;20;SRVC;2;
1;true;CXX;Z160;2;SRVC;1;
1;true;CXX;Z160;3;SRVC;2;
1;true;CXX;Z160;4;SRVC;1;
1;true;CXX;Z160;5;SRVC;2;
1;true;CXX;Z160;6;SRVC;2;
1;true;CXX;Z160;7;SRVC;1;
1;true;CXX;Z160;8;SRVC;2;
1;true;CXX;Z160;9;SRVC;1;
1;true;CXX;Z163;0;SRVC;1;
1;true;CXX;Z163;1;SRVC;2;
1;true;CXX;Z163;2;SRVC;1;
1;true;CXX;Z163;3;SRVC;1;
1;true;CXX;Z164;0;SRVC;1;
1;true;CXX;Z164;10;SRVC;1;
1;true;CXX;Z164;11;SRVC;2;
1;true;CXX;Z164;12;SRVC;1;
1;true;CXX;Z164;13;SRVC;2;
1;true;CXX;Z164;14;SRVC;1;
1;true;CXX;Z164;15;SRVC;1;
1;true;CXX;Z164;16;SRVC;1;
1;true;CXX;Z164;17;SRVC;2;
1;true;CXX;Z164;18;SRVC;1;
1;true;CXX;Z164;19;SRVC;2;
1;true;CXX;Z164;1;SRVC;2;
1;true;CXX;Z164;20;SRVC;1;
1;true;CXX;Z164;21;SRVC;1;
1;true;CXX;Z164;2;SRVC;1;
1;true;CXX;Z164;3;SRVC;2;
1;true;CXX;Z164;4;SRVC;1;
1;true;CXX;Z164;5;SRVC;2;
1;true;CXX;Z164;6;SRVC;1;
1;true;CXX;Z164;7;SRVC;1;
1;true;CXX;Z164;8;SRVC;1;
1;true;CXX;Z164;9;SRVC;2;
1;true;CXX;Z166;0;SRVC;1;
1;true;CXX;Z166;10;SRVC;1;
1;true;CXX;Z166;11;SRVC;2;
1;true;CXX;Z166;12;SRVC;1;
1;true;CXX;Z166;13;SRVC;2;
1;true;CXX;Z166;14;SRVC;1;
1;true;CXX;Z166;15;SRVC;2;
1;true;CXX;Z166;16;SRVC;1;
1;true;CXX;Z166;17;SRVC;2;
1;true;CXX;Z166;18;SRVC;1;
1;true;CXX;Z166;19;SRVC;2;
1;true;CXX;Z166;1;SRVC;2;
1;true;CXX;Z166;20;SRVC;1;
1;true;CXX;Z166;21;SRVC;2;
1;true;CXX;Z166;22;SRVC;1;
1;true;CXX;Z166;23;SRVC;2;
1;true;CXX;Z166;24;SRVC;1;
1;true;CXX;Z166;25;SRVC;2;
1;true;CXX;Z166;2;SRVC;1;
1;true;CXX;Z166;3;SRVC;2;
1;true;CXX;Z166;4;SRVC;1;
1;true;CXX;Z166;5;SRVC;2;
1;true;CXX;Z166;6;SRVC;1;
1;true;CXX;Z166;7;SRVC;2;
1;true;CXX;Z166;8;SRVC;1;
1;true;CXX;Z166;9;SRVC;2;
1;true;CXX;Z167;0;SRVC;1;
1;true;CXX;Z167;10;SRVC;2;
1;true;CXX;Z167;1;SRVC;2;
1;true;CXX;Z167;2;SRVC;2;
1;true;CXX;Z167;3;SRVC;1;
1;true;CXX;Z167;4;SRVC;2;
1;true;CXX;Z167;5;SRVC;2;
1;true;CXX;Z167;6;SRVC;1;
1;true;CXX;Z167;7;SRVC;2;
1;true;CXX;Z167;8;SRVC;1;
1;true;CXX;Z167;9;SRVC;2;
1;true;CXX;Z168;0;SRVC;1;
1;true;CXX;Z168;1;SRVC;2;
1;true;CXX;Z168;2;SRVC;2;
1;true;CXX;Z169;0;SRVC;1;
1;true;CXX;Z169;1;SRVC;2;
1;true;CXX;Z169;2;SRVC;1;
1;true;CXX;Z169;3;SRVC;2;
1;true;CXX;Z169;4;SRVC;1;
1;true;CXX;Z169;5;SRVC;2;
1;true;CXX;Z170;0;SRVC;1;
1;true;CXX;Z170;1;SRVC;2;
1;true;CXX;Z170;2;SRVC;2;
1;true;CXX;Z170;3;SRVC;1;
1;true;CXX;Z170;4;SRVC;2;
1;true;CXX;Z170;5;SRVC;2;
1;true;CXX;Z170;6;SRVC;1;
1;true;CXX;Z170;7;SRVC;2;
1;true;CXX;Z170;8;SRVC;2;
1;true;CXX;Z171;0;SRVC;1;
1;true;CXX;Z171;10;SRVC;1;
1;true;CXX;Z171;11;SRVC;1;
1;true;CXX;Z171;12;SRVC;1;
1;true;CXX;Z171;13;SRVC;1;
1;true;CXX;Z171;1;SRVC;1;
1;true;CXX;Z171;2;SRVC;1;
1;true;CXX;Z171;3;SRVC;1;
1;true;CXX;Z171;4;SRVC;1;
1;true;CXX;Z171;5;SRVC;1;
1;true;CXX;Z171;6;SRVC;1;
1;true;CXX;Z171;7;SRVC;1;
1;true;CXX;Z171;8;SRVC;1;
1;true;CXX;Z171;9;SRVC;1;
1;true;CXX;Z172;0;SRVC;1;
1;true;CXX;Z172;10;SRVC;1;
1;true;CXX;Z172;11;SRVC;1;
1;true;CXX;Z172;1;SRVC;1;
1;true;CXX;Z172;2;SRVC;1;
1;true;CXX;Z172;3;SRVC;1;
1;true;CXX;Z172;4;SRVC;1;
1;true;CXX;Z172;5;SRVC;1;
1;true;CXX;Z172;6;SRVC;1;
1;true;CXX;Z172;7;SRVC;1;
1;true;CXX;Z172;8;SRVC;1;
1;true;CXX;Z172;9;SRVC;1;
1;true;CXX;Z174;0;SRVC;1;
1;true;CXX;Z174;1;SRVC;2;
1;true;CXX;Z174;2;SRVC;1;
1;true;CXX;Z174;3;SRVC;2;
1;true;CXX;Z174;4;SRVC;1;
1;true;CXX;Z174;5;SRVC;2;
1;true;CXX;Z175;0;SRVC;1;
1;true;CXX;Z175;1;SRVC;2;
1;true;CXX;Z175;2;SRVC;1;
1;true;CXX;Z175;3;SRVC;2;
1;true;CXX;Z176;0;SRVC;1;
1;true;CXX;Z176;10;SRVC;1;
1;true;CXX;Z176;1;SRVC;2;
1;true;CXX;Z176;2;SRVC;1;
1;true;CXX;Z176;3;SRVC;2;
1;true;CXX;Z176;4;SRVC;1;
1;true;CXX;Z176;5;SRVC;2;
1;true;CXX;Z176;6;SRVC;1;
1;true;CXX;Z176;7;SRVC;2;
1;true;CXX;Z176;8;SRVC;1;
1;true;CXX;Z176;9;SRVC;2;
1;true;CXX;Z177;0;SRVC;1;
1;true;CXX;Z177;1;SRVC;2;
1;true;CXX;Z177;2;SRVC;1;
1;true;CXX;Z177;3;SRVC;2;
1;true;CXX;Z177;4;SRVC;1;
1;true;CXX;Z177;5;SRVC;2;
1;true;CXX;Z185;0;SRVC;1;
1;true;CXX;Z185;1;SRVC;2;
1;true;CXX;Z186;0;SRVC;1;
1;true;CXX;Z186;1;SRVC;2;
1;true;CXX;Z186;2;SRVC;1;
1;true;CXX;Z186;3;SRVC;2;
1;true;CXX;Z186;4;SRVC;1;
1;true;CXX;Z186;5;SRVC;2;
1;true;CXX;Z194;0;SRVC;1;
1;true;CXX;Z194;1;SRVC;2;
1;true;CXX;Z194;2;SRVC;1;
1;true;CXX;Z194;3;SRVC;2;
1;true;CXX;Z194;4;SRVC;1;
1;true;CXX;Z194;5;SRVC;2;
1;true;CXX;Z194;6;SRVC;1;
1;true;CXX;Z194;7;SRVC;2;
1;true;CXX;Z197;0;SRVC;1;
1;true;CXX;Z197;1;SRVC;2;
1;true;CXX;Z197;2;SRVC;1;
1;true;CXX;Z197;3;SRVC;2;
1;true;CXX;Z197;4;SRVC;1;
1;true;CXX;Z197;5;SRVC;2;
1;true;CXX;Z220;0;SRVC;1;
1;true;CXX;Z220;1;SRVC;2;
1;true;CXX;Z223;0;SRVC;1;
1;true;CXX;Z223;1;SRVC;2;
1;true;CXX;Z223;2;SRVC;1;
1;true;CXX;Z223;3;SRVC;2;
1;true;CXX;Z225;0;SRVC;1;
1;true;CXX;Z225;1;SRVC;1;
1;true;CXX;Z225;2;SRVC;1;
1;true;CXX;Z258;0;SRVC;1;
1;true;CXX;Z263;0;SRVC;1;
1;true;CXX;Z263;1;SRVC;2;
1;true;CXX;Z263;2;SRVC;1;
1;true;CXX;Z263;3;SRVC;2;
1;true;CXX;Z264;0;SRVC;1;
1;true;CXX;Z264;1;SRVC;1;
1;true;CXX;Z264;2;SRVC;1;
1;true;CXX;Z264;3;SRVC;1;
1;true;CXX;Z264;4;SRVC;1;
1;true;CXX;Z264;5;SRVC;1;
1;true;CXX;Z274;0;SRVC;1;
1;true;CXX;Z395;0;SRVC;1;
1;true;CXX;Z395;1;SRVC;2;
1;true;CXX;Z395;2;SRVC;2;
1;true;CXX;Z436;0;SRVC;1;
1;true;CXX;Z436;10;SRVC;1;
1;true;CXX;Z436;11;SRVC;2;
1;true;CXX;Z436;12;SRVC;1;
1;true;CXX;Z436;13;SRVC;2;
1;true;CXX;Z436;14;SRVC;1;
1;true;CXX;Z436;15;SRVC;2;
1;true;CXX;Z436;16;SRVC;1;
1;true;CXX;Z436;17;SRVC;2;
1;true;CXX;Z436;18;SRVC;1;
1;true;CXX;Z436;19;SRVC;2;
1;true;CXX;Z436;1;SRVC;2;
1;true;CXX;Z436;20;SRVC;1;
1;true;CXX;Z436;21;SRVC;2;
1;true;CXX;Z436;22;SRVC;1;
1;true;CXX;Z436;23;SRVC;2;
1;true;CXX;Z436;24;SRVC;1;
1;true;CXX;Z436;25;SRVC;2;
1;true;CXX;Z436;26;SRVC;2;
1;true;CXX;Z436;27;SRVC;1;
1;true;CXX;Z436;28;SRVC;2;
1;true;CXX;Z436;29;SRVC;1;
1;true;CXX;Z436;2;SRVC;1;
1;true;CXX;Z436;30;SRVC;2;
1;true;CXX;Z436;31;SRVC;1;
1;true;CXX;Z436;32;SRVC;2;
1;true;CXX;Z436;33;SRVC;1;
1;true;CXX;Z436;34;SRVC;2;
1;true;CXX;Z436;35;SRVC;1;
1;true;CXX;Z436;36;SRVC;2;
1;true;CXX;Z436;37;SRVC;1;
1;true;CXX;Z436;38;SRVC;2;
1;true;CXX;Z436;39;SRVC;1;
1;true;CXX;Z436;3;SRVC;2;
1;true;CXX;Z436;40;SRVC;2;
1;true;CXX;Z436;41;SRVC;2;
1;true;CXX;Z436;4;SRVC;1;
1;true;CXX;Z436;5;SRVC;2;
1;true;CXX;Z436;6;SRVC;1;
1;true;CXX;Z436;7;SRVC;2;
1;true;CXX;Z436;8;SRVC;1;
1;true;CXX;Z436;9;SRVC;2;
1;true;CXX;Z437;0;SRVC;1;
1;true;CXX;Z437;1;SRVC;2;
1;true;CXX;Z437;2;SRVC;2;
1;true;CXX;Z437;3;SRVC;1;
1;true;CXX;Z437;4;SRVC;2;
1;true;CXX;Z437;5;SRVC;2;
1;true;CXX;Z437;6;SRVC;1;
1;true;CXX;Z437;7;SRVC;2;
1;true;CXX;Z437;8;SRVC;1;
1;true;CXX;Z507;0;SRVC;1;
1;true;CXX;Z507;1;SRVC;2;
1;true;CXX;Z511;0;SRVC;1;
1;true;CXX;Z511;1;SRVC;2;
1;true;CXX;Z513;0;SRVC;1;
1;true;CXX;Z513;1;SRVC;2;
1;true;CXX;Z515;0;SRVC;1;
1;true;CXX;Z515;1;SRVC;2;
1;true;CXX;Z555;0;SRVC;1;
1;true;CXX;Z555;1;SRVC;2;
1;true;CXX;Z555;2;SRVC;1;
1;true;CXX;Z555;3;SRVC;2;
1;true;CXX;Z555;4;SRVC;1;
1;true;CXX;Z555;5;SRVC;2;
1;true;CXX;Z555;6;SRVC;2;
1;true;CXX;Z580;0;SRVC;1;
1;true;CXX;Z580;1;SRVC;2;
1;true;CXX;Z580;2;SRVC;2;
1;true;CXX;Z581;0;SRVC;1;
1;true;CXX;Z581;1;SRVC;2;
1;true;CXX;Z581;2;SRVC;2;
1;true;CXX;Z582;0;SRVC;1;
1;true;CXX;Z582;1;SRVC;2;
1;true;CXX;Z583;0;SRVC;1;
1;true;CXX;Z583;1;SRVC;2;
1;true;CXX;Z583;2;SRVC;1;
1;true;CXX;Z583;3;SRVC;2;
1;true;CXX;Z584;0;SRVC;1;
1;true;CXX;Z584;1;SRVC;2;
1;true;CXX;Z585;0;SRVC;1;
1;true;CXX;Z585;1;SRVC;2;
1;true;CXX;Z585;2;SRVC;1;
1;true;CXX;Z585;3;SRVC;2;
1;true;CXX;Z585;4;SRVC;1;
1;true;CXX;Z585;5;SRVC;2;
1;true;CXX;Z587;0;SRVC;1;
1;true;CXX;Z587;1;SRVC;2;
1;true;CXX;Z587;2;SRVC;1;
1;true;CXX;Z587;3;SRVC;2;
1;true;CXX;Z587;4;SRVC;1;
1;true;CXX;Z587;5;SRVC;2;
1;true;CXX;Z589;0;SRVC;1;
1;true;CXX;Z589;1;SRVC;2;
1;true;CXX;Z589;2;SRVC;1;
1;true;CXX;Z589;3;SRVC;2;
1;true;CXX;Z589;4;SRVC;1;
1;true;CXX;Z589;5;SRVC;2;
1;true;CXX;Z591;0;SRVC;1;
1;true;CXX;Z591;1;SRVC;2;
1;true;CXX;Z591;2;SRVC;1;
1;true;CXX;Z591;3;SRVC;2;
1;true;CXX;Z591;4;SRVC;1;
1;true;CXX;Z591;5;SRVC;2;
1;true;CXX;Z592;0;SRVC;1;
1;true;CXX;Z592;1;SRVC;2;
1;true;CXX;Z592;2;SRVC;1;
1;true;CXX;Z592;3;SRVC;2;
1;true;CXX;Z592;4;SRVC;1;
1;true;CXX;Z593;0;SRVC;1;
1;true;CXX;Z593;1;SRVC;2;
1;true;CXX;Z593;2;SRVC;1;
1;true;CXX;Z593;3;SRVC;2;
1;true;CXX;Z593;4;SRVC;1;
1;true;CXX;Z594;0;SRVC;1;
1;true;CXX;Z594;1;SRVC;2;
1;true;CXX;Z594;2;SRVC;1;
1;true;CXX;Z594;3;SRVC;2;
1;true;CXX;Z594;4;SRVC;1;
1;true;CXX;Z594;5;SRVC;1;
1;true;CXX;Z594;6;SRVC;1;
1;true;CXX;Z595;0;SRVC;1;
1;true;CXX;Z595;1;SRVC;2;
1;true;CXX;Z596;0;SRVC;1;
1;true;CXX;Z596;1;SRVC;2;
1;true;CXX;Z596;2;SRVC;1;
1;true;CXX;Z596;3;SRVC;2;
1;true;CXX;Z597;0;SRVC;1;
1;true;CXX;Z597;1;SRVC;2;
1;true;CXX;Z597;2;SRVC;2;
1;true;CXX;Z597;3;SRVC;2;
1;true;CXX;Z598;0;SRVC;1;
1;true;CXX;Z598;1;SRVC;2;
1;true;CXX;Z599;0;SRVC;1;
1;true;CXX;Z599;1;SRVC;2;
1;true;CXX;Z599;2;SRVC;1;
1;true;CXX;Z599;3;SRVC;2;
1;true;CXX;Z601;0;SRVC;1;
1;true;CXX;Z601;1;SRVC;2;
1;true;CXX;Z601;2;SRVC;1;
1;true;CXX;Z601;3;SRVC;2;
1;true;CXX;Z601;4;SRVC;1;
1;true;CXX;Z604;0;SRVC;1;
1;true;CXX;Z604;1;SRVC;2;
1;true;CXX;Z606;0;SRVC;1;
1;true;CXX;Z606;1;SRVC;2;
1;true;CXX;Z607;0;SRVC;1;
1;true;CXX;Z607;1;SRVC;2;
1;true;CXX;Z608;0;SRVC;1;
1;true;CXX;Z608;1;SRVC;2;
1;true;CXX;Z612;0;SRVC;1;
1;true;CXX;Z612;1;SRVC;2;
1;true;CXX;Z612;2;SRVC;2;
1;true;CXX;Z614;0;SRVC;1;
1;true;CXX;Z614;1;SRVC;2;
1;true;CXX;Z614;2;SRVC;1;
1;true;CXX;Z614;3;SRVC;2;
1;true;CXX;Z628;0;SRVC;1;
1;true;CXX;Z628;1;SRVC;2;
1;true;CXX;Z628;2;SRVC;1;
1;true;CXX;Z628;3;SRVC;2;
1;true;CXX;Z628;4;SRVC;1;
1;true;CXX;Z628;5;SRVC;2;
1;true;CXX;Z628;6;SRVC;1;
1;true;CXX;Z628;7;SRVC;2;
1;true;CXX;Z628;8;SRVC;1;
1;true;CXX;Z629;0;SRVC;1;
1;true;CXX;Z629;1;SRVC;2;
1;true;CXX;Z629;2;SRVC;1;
1;true;CXX;Z629;3;SRVC;2;
1;true;CXX;Z629;4;SRVC;1;
1;true;CXX;Z629;5;SRVC;1;
1;true;CXX;Z630;0;SRVC;1;
1;true;CXX;Z630;10;SRVC;1;
1;true;CXX;Z630;11;SRVC;2;
1;true;CXX;Z630;1;SRVC;2;
1;true;CXX;Z630;2;SRVC;1;
1;true;CXX;Z630;3;SRVC;2;
1;true;CXX;Z630;4;SRVC;1;
1;true;CXX;Z630;5;SRVC;2;
1;true;CXX;Z630;6;SRVC;1;
1;true;CXX;Z630;7;SRVC;2;
1;true;CXX;Z630;8;SRVC;1;
1;true;CXX;Z630;9;SRVC;2;
1;true;CXX;Z631;0;SRVC;1;
1;true;CXX;Z631;10;SRVC;1;
1;true;CXX;Z631;11;SRVC;2;
1;true;CXX;Z631;12;SRVC;1;
1;true;CXX;Z631;13;SRVC;2;
1;true;CXX;Z631;14;SRVC;1;
1;true;CXX;Z631;15;SRVC;1;
1;true;CXX;Z631;1;SRVC;2;
1;true;CXX;Z631;2;SRVC;1;
1;true;CXX;Z631;3;SRVC;2;
1;true;CXX;Z631;4;SRVC;1;
1;true;CXX;Z631;5;SRVC;2;
1;true;CXX;Z631;6;SRVC;1;
1;true;CXX;Z631;7;SRVC;1;
1;true;CXX;Z631;8;SRVC;1;
1;true;CXX;Z631;9;SRVC;2;
1;true;CXX;Z633;0;SRVC;1;
1;true;CXX;Z633;1;SRVC;2;
1;true;CXX;Z633;2;SRVC;1;
1;true;CXX;Z633;3;SRVC;2;
1;true;CXX;Z633;4;SRVC;2;
1;true;CXX;Z633;5;SRVC;2;
1;true;CXX;Z634;0;SRVC;1;
1;true;CXX;Z634;1;SRVC;2;
1;true;CXX;Z635;0;SRVC;2;
1;true;CXX;Z636;0;SRVC;1;
1;true;CXX;Z636;1;SRVC;2;
1;true;CXX;Z636;2;SRVC;1;
1;true;CXX;Z636;3;SRVC;2;
1;true;CXX;Z636;4;SRVC;1;
1;true;CXX;Z636;5;SRVC;2;
1;true;CXX;Z638;0;SRVC;1;
1;true;CXX;Z638;1;SRVC;2;
1;true;CXX;Z639;0;SRVC;1;
1;true;CXX;Z639;1;SRVC;2;
1;true;CXX;Z639;2;SRVC;1;
1;true;CXX;Z639;3;SRVC;2;
1;true;CXX;Z639;4;SRVC;1;
1;true;CXX;Z639;5;SRVC;2;
1;true;CXX;Z639;6;SRVC;1;
1;true;CXX;Z639;7;SRVC;2;
1;true;CXX;Z639;8;SRVC;2;
1;true;CXX;Z641;0;SRVC;1;
1;true;CXX;Z641;1;SRVC;1;
1;true;CXX;Z643;0;SRVC;1;
1;true;CXX;Z643;1;SRVC;2;
1;true;CXX;Z643;2;SRVC;1;
1;true;CXX;Z643;3;SRVC;2;
1;true;CXX;Z643;4;SRVC;1;
1;true;CXX;Z643;5;SRVC;2;
1;true;CXX;Z643;6;SRVC;1;
1;true;CXX;Z643;7;SRVC;2;
1;true;CXX;Z643;8;SRVC;2;
1;true;CXX;Z644;0;SRVC;1;
1;true;CXX;Z644;1;SRVC;2;
1;true;CXX;Z644;2;SRVC;1;
1;true;CXX;Z644;3;SRVC;2;
1;true;CXX;Z644;4;SRVC;1;
1;true;CXX;Z644;5;SRVC;2;
1;true;CXX;Z644;6;SRVC;1;
1;true;CXX;Z644;7;SRVC;2;
1;true;CXX;Z644;8;SRVC;1;
1;true;CXX;Z645;0;SRVC;1;
1;true;CXX;Z645;1;SRVC;2;
1;true;CXX;Z645;2;SRVC;1;
1;true;CXX;Z645;3;SRVC;2;
1;true;CXX;Z645;4;SRVC;1;
1;true;CXX;Z645;5;SRVC;2;
1;true;CXX;Z645;6;SRVC;1;
1;true;CXX;Z645;7;SRVC;1;
1;true;CXX;Z646;0;SRVC;1;
1;true;CXX;Z646;1;SRVC;2;
1;true;CXX;Z646;2;SRVC;1;
1;true;CXX;Z646;3;SRVC;2;
1;true;CXX;Z646;4;SRVC;2;
1;true;CXX;Z647;0;SRVC;1;
1;true;CXX;Z647;1;SRVC;2;
1;true;CXX;Z647;2;SRVC;1;
1;true;CXX;Z647;3;SRVC;2;
1;true;CXX;Z647;4;SRVC;2;
1;true;CXX;Z650;0;SRVC;2;
1;true;CXX;Z660;0;SRVC;1;
1;true;CXX;Z660;10;SRVC;1;
1;true;CXX;Z660;11;SRVC;1;
1;true;CXX;Z660;12;SRVC;1;
1;true;CXX;Z660;1;SRVC;2;
1;true;CXX;Z660;2;SRVC;1;
1;true;CXX;Z660;3;SRVC;2;
1;true;CXX;Z660;4;SRVC;1;
1;true;CXX;Z660;5;SRVC;2;
1;true;CXX;Z660;6;SRVC;1;
1;true;CXX;Z660;7;SRVC;2;
1;true;CXX;Z660;8;SRVC;1;
1;true;CXX;Z660;9;SRVC;2;
1;true;CXX;Z662;0;SRVC;1;
1;true;CXX;Z662;1;SRVC;2;
1;true;CXX;Z662;2;SRVC;1;
1;true;CXX;Z662;3;SRVC;2;
1;true;CXX;Z663;0;SRVC;1;
1;true;CXX;Z663;1;SRVC;2;
1;true;CXX;Z663;2;SRVC;1;
1;true;CXX;Z663;3;SRVC;2;
1;true;CXX;Z664;0;SRVC;1;
1;true;CXX;Z664;1;SRVC;2;
1;true;CXX;Z664;2;SRVC;2;
1;true;CXX;Z664;3;SRVC;1;
1;true;CXX;Z664;4;SRVC;2;
1;true;CXX;Z664;5;SRVC;2;
1;true;CXX;Z666;0;SRVC;1;
1;true;CXX;Z666;1;SRVC;2;
1;true;CXX;Z666;2;SRVC;1;
1;true;CXX;Z666;3;SRVC;2;
1;true;CXX;Z667;0;SRVC;1;
1;true;CXX;Z667;1;SRVC;2;
1;true;CXX;Z667;2;SRVC;1;
1;true;CXX;Z667;3;SRVC;2;
1;true;CXX;Z668;0;SRVC;1;
1;true;CXX;Z668;1;SRVC;2;
1;true;CXX;Z668;2;SRVC;1;
1;true;CXX;Z668;3;SRVC;2;
1;true;CXX;Z669;0;SRVC;1;
1;true;CXX;Z669;1;SRVC;2;
1;true;CXX;Z669;2;SRVC;1;
1;true;CXX;Z669;3;SRVC;2;
1;true;CXX;Z669;4;SRVC;1;
1;true;CXX;Z669;5;SRVC;2;
1;true;CXX;Z669;6;SRVC;1;
1;true;CXX;Z669;7;SRVC;2;
1;true;CXX;Z680;0;SRVC;1;
1;true;CXX;Z680;1;SRVC;2;
1;true;CXX;Z680;2;SRVC;1;
1;true;CXX;Z680;3;SRVC;2;
1;true;CXX;Z711;0;SRVC;1;
1;true;CXX;Z711;1;SRVC;2;
1;true;CXX;Z711;2;SRVC;1;
1;true;CXX;Z712;0;SRVC;1;
1;true;CXX;Z712;1;SRVC;2;
1;true;CXX;Z860;0;SRVC;1;
1;true;CXX;Z860;1;SRVC;2;
1;true;CXX;Z860;2;SRVC;1;
1;true;CXX;Z860;3;SRVC;2;
1;true;CXX;Z867;0;SRVC;1;
1;true;CXX;Z867;1;SRVC;2;
1;true;CXX;Z867;2;SRVC;1;
