TransportType,LineName,LinePublicNumber,DataOwnerCode,LinePlanningNumber,LineVeTagNumber
BUS,M2,M2,KEOLIS,6702,0
TransportType,LineName,LinePublicNumber,DataOwnerCode,LinePlanningNumber,LineVeTagNumber
BUS,M2,M2,KEOLIS,6702,0
TransportType,LineName,LinePublicNumber,DataOwnerCode,LinePlanningNumber,LineVeTagNumber
BUS,M3,M3,KEOLIS,6703,0
TransportType,LineName,LinePublicNumber,DataOwnerCode,LinePlanningNumber,LineVeTagNumber
BUS,M3,M3,KEOLIS,6703,0
TransportType,LineName,LinePublicNumber,DataOwnerCode,LinePlanningNumber,LineVeTagNumber
BUS,M3,M3,KEOLIS,6703,0
TransportType,LineName,LinePublicNumber,DataOwnerCode,LinePlanningNumber,LineVeTagNumber
BUS,M3,M3,KEOLIS,6703,0
TransportType,LineName,LinePublicNumber,DataOwnerCode,LinePlanningNumber,LineVeTagNumber
BUS,M3,M3,KEOLIS,6703,0
TransportType,LineName,LinePublicNumber,DataOwnerCode,LinePlanningNumber,LineVeTagNumber
BUS,M3,M3,KEOLIS,6703,0
TransportType,LineName,LinePublicNumber,DataOwnerCode,LinePlanningNumber,LineVeTagNumber
BUS,M3,M3,KEOLIS,6703,0
TransportType,LineName,LinePublicNumber,DataOwnerCode,LinePlanningNumber,LineVeTagNumber
BUS,M4,M4,KEOLIS,6704,0
TransportType,LineName,LinePublicNumber,DataOwnerCode,LinePlanningNumber,LineVeTagNumber
BUS,M4,M4,KEOLIS,6704,0
TransportType,LineName,LinePublicNumber,DataOwnerCode,LinePlanningNumber,LineVeTagNumber
BUS,M4,M4,KEOLIS,6704,0
TransportType,LineName,LinePublicNumber,DataOwnerCode,LinePlanningNumber,LineVeTagNumber
BUS,M4,M4,KEOLIS,6704,0
TransportType,LineName,LinePublicNumber,DataOwnerCode,LinePlanningNumber,LineVeTagNumber
BUS,M4,M4,KEOLIS,6704,0
TransportType,LineName,LinePublicNumber,DataOwnerCode,LinePlanningNumber,LineVeTagNumber
BUS,M4,M4,KEOLIS,6704,0
TransportType,LineName,LinePublicNumber,DataOwnerCode,LinePlanningNumber,LineVeTagNumber
BUS,M4,M4,KEOLIS,6704,0
TransportType,LineName,LinePublicNumber,DataOwnerCode,LinePlanningNumber,LineVeTagNumber
BUS,M5,M5,KEOLIS,6705,0
TransportType,LineName,LinePublicNumber,DataOwnerCode,LinePlanningNumber,LineVeTagNumber
BUS,M5,M5,KEOLIS,6705,0
TransportType,LineName,LinePublicNumber,DataOwnerCode,LinePlanningNumber,LineVeTagNumber
BUS,M5,M5,KEOLIS,6705,0
TransportType,LineName,LinePublicNumber,DataOwnerCode,LinePlanningNumber,LineVeTagNumber
BUS,M5,M5,KEOLIS,6705,0
TransportType,LineName,LinePublicNumber,DataOwnerCode,LinePlanningNumber,LineVeTagNumber
BUS,M5,M5,KEOLIS,6705,0
TransportType,LineName,LinePublicNumber,DataOwnerCode,LinePlanningNumber,LineVeTagNumber
BUS,M5,M5,KEOLIS,6705,0
TransportType,LineName,LinePublicNumber,DataOwnerCode,LinePlanningNumber,LineVeTagNumber
BUS,M5,M5,KEOLIS,6705,0
TransportType,LineName,LinePublicNumber,DataOwnerCode,LinePlanningNumber,LineVeTagNumber
BUS,M6,M6,KEOLIS,6706,0
TransportType,LineName,LinePublicNumber,DataOwnerCode,LinePlanningNumber,LineVeTagNumber
BUS,M6,M6,KEOLIS,6706,0
TransportType,LineName,LinePublicNumber,DataOwnerCode,LinePlanningNumber,LineVeTagNumber
BUS,M6,M6,KEOLIS,6706,0
TransportType,LineName,LinePublicNumber,DataOwnerCode,LinePlanningNumber,LineVeTagNumber
BUS,M6,M6,KEOLIS,6706,0
TransportType,LineName,LinePublicNumber,DataOwnerCode,LinePlanningNumber,LineVeTagNumber
BUS,M6,M6,KEOLIS,6706,0
TransportType,LineName,LinePublicNumber,DataOwnerCode,LinePlanningNumber,LineVeTagNumber
BUS,M6,M6,KEOLIS,6706,0
TransportType,LineName,LinePublicNumber,DataOwnerCode,LinePlanningNumber,LineVeTagNumber
BUS,M6,M6,KEOLIS,6706,0
TransportType,LineName,LinePublicNumber,DataOwnerCode,LinePlanningNumber,LineVeTagNumber
BUS,M7,M7,KEOLIS,6707,0
TransportType,LineName,LinePublicNumber,DataOwnerCode,LinePlanningNumber,LineVeTagNumber
BUS,M7,M7,KEOLIS,6707,0
TransportType,LineName,LinePublicNumber,DataOwnerCode,LinePlanningNumber,LineVeTagNumber
BUS,M7,M7,KEOLIS,6707,0
TransportType,LineName,LinePublicNumber,DataOwnerCode,LinePlanningNumber,LineVeTagNumber
BUS,M7,M7,KEOLIS,6707,0
TransportType,LineName,LinePublicNumber,DataOwnerCode,LinePlanningNumber,LineVeTagNumber
BUS,M7,M7,KEOLIS,6707,0
TransportType,LineName,LinePublicNumber,DataOwnerCode,LinePlanningNumber,LineVeTagNumber
BUS,M7,M7,KEOLIS,6707,0
TransportType,LineName,LinePublicNumber,DataOwnerCode,LinePlanningNumber,LineVeTagNumber
BUS,M7,M7,KEOLIS,6707,0
TransportType,LineName,LinePublicNumber,DataOwnerCode,LinePlanningNumber,LineVeTagNumber
BUS,22,22,KEOLIS,6722,0
TransportType,LineName,LinePublicNumber,DataOwnerCode,LinePlanningNumber,LineVeTagNumber
BUS,22,22,KEOLIS,6722,0
TransportType,LineName,LinePublicNumber,DataOwnerCode,LinePlanningNumber,LineVeTagNumber
BUS,22,22,KEOLIS,6722,0
TransportType,LineName,LinePublicNumber,DataOwnerCode,LinePlanningNumber,LineVeTagNumber
BUS,24,24,KEOLIS,6724,0
TransportType,LineName,LinePublicNumber,DataOwnerCode,LinePlanningNumber,LineVeTagNumber
BUS,24,24,KEOLIS,6724,0
TransportType,LineName,LinePublicNumber,DataOwnerCode,LinePlanningNumber,LineVeTagNumber
BUS,24,24,KEOLIS,6724,0
TransportType,LineName,LinePublicNumber,DataOwnerCode,LinePlanningNumber,LineVeTagNumber
BUS,24,24,KEOLIS,6724,0
TransportType,LineName,LinePublicNumber,DataOwnerCode,LinePlanningNumber,LineVeTagNumber
BUS,24,24,KEOLIS,6724,0
TransportType,LineName,LinePublicNumber,DataOwnerCode,LinePlanningNumber,LineVeTagNumber
BUS,24,24,KEOLIS,6724,0
TransportType,LineName,LinePublicNumber,DataOwnerCode,LinePlanningNumber,LineVeTagNumber
BUS,24,24,KEOLIS,6724,0
TransportType,LineName,LinePublicNumber,DataOwnerCode,LinePlanningNumber,LineVeTagNumber
BUS,25,25,KEOLIS,6725,0
TransportType,LineName,LinePublicNumber,DataOwnerCode,LinePlanningNumber,LineVeTagNumber
BUS,25,25,KEOLIS,6725,0
TransportType,LineName,LinePublicNumber,DataOwnerCode,LinePlanningNumber,LineVeTagNumber
BUS,25,25,KEOLIS,6725,0
TransportType,LineName,LinePublicNumber,DataOwnerCode,LinePlanningNumber,LineVeTagNumber
BUS,805,805,KEOLIS,6805,0
TransportType,LineName,LinePublicNumber,DataOwnerCode,LinePlanningNumber,LineVeTagNumber
BUS,4,4,KEOLIS,3704,0
BUS,4,4,KEOLIS,3704,0
BUS,4,4,KEOLIS,3704,0
BUS,5,5,KEOLIS,3705,0
BUS,5,5,KEOLIS,3705,0
BUS,5,5,KEOLIS,3705,0
BUS,5,5,KEOLIS,3705,0
BUS,5,5,KEOLIS,3705,0
BUS,6,6,KEOLIS,3706,0
BUS,6,6,KEOLIS,3706,0
BUS,6,6,KEOLIS,3706,0
BUS,6,6,KEOLIS,3706,0
BUS,6,6,KEOLIS,3706,0
BUS,7,7,KEOLIS,3707,0
BUS,7,7,KEOLIS,3707,0
BUS,7,7,KEOLIS,3707,0
BUS,8,8,KEOLIS,3708,0
BUS,8,8,KEOLIS,3708,0
BUS,8,8,KEOLIS,3708,0
BUS,1,1,KEOLIS,3801,0
BUS,1,1,KEOLIS,3801,0
BUS,1,1,KEOLIS,3801,0
BUS,2,2,KEOLIS,3802,0
BUS,2,2,KEOLIS,3802,0
BUS,2,2,KEOLIS,3802,0
BUS,5,5,KEOLIS,3805,0
BUS,5,5,KEOLIS,3805,0
BUS,5,5,KEOLIS,3805,0
BUS,6,6,KEOLIS,3806,0
BUS,6,6,KEOLIS,3806,0
BUS,3,3,KEOLIS,8003,0
BUS,3,3,KEOLIS,8003,0
BUS,3,3,KEOLIS,8003,0
BUS,5,5,KEOLIS,8005,0
BUS,5,5,KEOLIS,8005,0
BUS,5,5,KEOLIS,8005,0
BUS,9,9,KEOLIS,8009,0
BUS,14,14,KEOLIS,8014,0
BUS,14,14,KEOLIS,8014,0
BUS,14,14,KEOLIS,8014,0
BUS,101,101,KEOLIS,8101,0
BUS,101,101,KEOLIS,8101,0
BUS,101,101,KEOLIS,8101,0
BUS,104,104,KEOLIS,8104,0
BUS,104,104,KEOLIS,8104,0
BUS,104,104,KEOLIS,8104,0
BUS,107,107,KEOLIS,8107,0
BUS,107,107,KEOLIS,8107,0
BUS,107,107,KEOLIS,8107,0
BUS,111,111,KEOLIS,8111,0
BUS,111,111,KEOLIS,8111,0
BUS,111,111,KEOLIS,8111,0
BUS,112,112,KEOLIS,8112,0
BUS,112,112,KEOLIS,8112,0
BUS,112,112,KEOLIS,8112,0
BUS,170,170,KEOLIS,8170,0
BUS,170,170,KEOLIS,8170,0
BUS,170,170,KEOLIS,8170,0
BUS,506,506,KEOLIS,8506,0
BUS,506,506,KEOLIS,8506,0
BUS,506,506,KEOLIS,8506,0
BUS,507,507,KEOLIS,8507,0
BUS,507,507,KEOLIS,8507,0
BUS,507,507,KEOLIS,8507,0
BUS,508,508,KEOLIS,8508,0
BUS,508,508,KEOLIS,8508,0
BUS,508,508,KEOLIS,8508,0
BUS,509,509,KEOLIS,8509,0
BUS,12,12,KEOLIS,8712,0
BUS,12,12,KEOLIS,8712,0
BUS,12,12,KEOLIS,8712,0
BUS,13,13,KEOLIS,8713,0
BUS,13,13,KEOLIS,8713,0
BUS,13,13,KEOLIS,8713,0
BUS,14,14,KEOLIS,8714,0
BUS,14,14,KEOLIS,8714,0
BUS,14,14,KEOLIS,8714,0
BUS,15,15,KEOLIS,8715,0
BUS,15,15,KEOLIS,8715,0
BUS,15,15,KEOLIS,8715,0
BUS,16,16,KEOLIS,8716,0
BUS,16,16,KEOLIS,8716,0
BUS,16,16,KEOLIS,8716,0
BUS,17,17,KEOLIS,8717,0
BUS,6,6,KEOLIS,8806,0
BUS,6,6,KEOLIS,8806,0
BUS,6,6,KEOLIS,8806,0
BUS,1,1,KEOLIS,8991,0
BUS,1,1,KEOLIS,8991,0
BUS,1,1,KEOLIS,8991,0
BUS,516,516,KEOLIS,2516,0
BUS,516,516,KEOLIS,2516,0
BUS,516,516,KEOLIS,2516,0
BUS,516,516,KEOLIS,2516,0
BUS,516,516,KEOLIS,2516,0
BUS,516,516,KEOLIS,2516,0
BUS,516,516,KEOLIS,2516,0
BUS,516,516,KEOLIS,2516,0
BUS,517,517,KEOLIS,2517,0
BUS,517,517,KEOLIS,2517,0
BUS,517,517,KEOLIS,2517,0
BUS,517,517,KEOLIS,2517,0
BUS,518,518,KEOLIS,2518,0
BUS,518,518,KEOLIS,2518,0
BUS,518,518,KEOLIS,2518,0
BUS,518,518,KEOLIS,2518,0
BUS,523,523,KEOLIS,2523,0
BUS,563,563,KEOLIS,2563,0
BUS,563,563,KEOLIS,2563,0
BUS,563,563,KEOLIS,2563,0
BUS,563,563,KEOLIS,2563,0
BUS,568,568,KEOLIS,2568,0
TransportType,LineName,LinePublicNumber,DataOwnerCode,LinePlanningNumber,LineVeTagNumber
BUS,Vleuten - Kockengen,127,QBUZZ,u127,127
BUS,Vleuten - Kockengen,127,QBUZZ,u127,127
BUS,Vleuten - Kockengen,127,QBUZZ,u127,127
BUS,Vleuten - Kockengen,127,QBUZZ,u127,127
BUS,Bilthoven Station - Berg en Bosch,258,QBUZZ,u258,258
BUS,Maarssen - Leidsche Rijn - Overvecht,11,QBUZZ,u011,11
BUS,Houten - Vianen,44,QBUZZ,u044,44
TransportType,LineName,LinePublicNumber,DataOwnerCode,LinePlanningNumber,LineVeTagNumber
BUS,Leeuwarden via Surhuisterveen - Drachten,13,ARR,27013,13
BUS,Leeuwarden via Drachten - Assen,14,ARR,27014,14
BUS,Heerenveen via Noordwolde - Oosterwolde,17,ARR,27017,17
BUS,Noordwolde - Steenwijk,19,ARR,27019,19
BUS,Leeuwarden via Drachten - Heerenveen,20,ARR,27020,20
BUS,Dokkum - Drachten,55,ARR,27055,55
BUS,Drachten via Norg - Assen,84,ARR,27084,84
BUS,Tijnje via Gorredijk - Allardsoog,104,ARR,27104,104
BUS,Oldeberkoop - Appelscha,107,ARR,27107,107
BUS,Wolvega - Scherpenzeel v.v.,108,ARR,27108,108
BUS,Heerenveen via Oosterwolde - Assen,115,ARR,27115,115
BUS,Leeuwarden via Drachten - Heerenveen,320,ARR,27320,320
BUS,Van Knobelsdorffplein - Nij Smellinghe,514,ARR,27514,114
BUS,Wolvega - Oosterwolde,516,ARR,27516,116
BUS,Wolvega via De Blesse - Steenwijk,517,ARR,27517,117
BUS,Wolvega via Oldeberkoop - Steenwijk,519,ARR,27519,119
BUS,Drachten via Veenhuizen - Assen,584,ARR,27584,184
TransportType,LineName,LinePublicNumber,DataOwnerCode,LinePlanningNumber,LineVeTagNumber
BUS,568,568,KEOLIS,2568,0
BUS,590,590,KEOLIS,2590,0
BUS,590,590,KEOLIS,2590,0
BUS,590,590,KEOLIS,2590,0
BUS,590,590,KEOLIS,2590,0
BUS,591,591,KEOLIS,2591,0
BUS,591,591,KEOLIS,2591,0
BUS,591,591,KEOLIS,2591,0
BUS,591,591,KEOLIS,2591,0
BUS,592,592,KEOLIS,2592,0
BUS,592,592,KEOLIS,2592,0
BUS,592,592,KEOLIS,2592,0
BUS,592,592,KEOLIS,2592,0
BUS,597,597,KEOLIS,2597,0
BUS,597,597,KEOLIS,2597,0
BUS,597,597,KEOLIS,2597,0
BUS,597,597,KEOLIS,2597,0
BUS,598,598,KEOLIS,2598,0
BUS,598,598,KEOLIS,2598,0
BUS,598,598,KEOLIS,2598,0
BUS,598,598,KEOLIS,2598,0
BUS,598,598,KEOLIS,2598,0
BUS,598,598,KEOLIS,2598,0
BUS,599,599,KEOLIS,2599,0
BUS,51,51,KEOLIS,4051,0
BUS,51,51,KEOLIS,4051,0
BUS,51,51,KEOLIS,4051,0
BUS,53,53,KEOLIS,4053,0
BUS,53,53,KEOLIS,4053,0
BUS,53,53,KEOLIS,4053,0
BUS,59,59,KEOLIS,4059,0
BUS,59,59,KEOLIS,4059,0
BUS,60,60,KEOLIS,4060,0
BUS,60,60,KEOLIS,4060,0
BUS,61,61,KEOLIS,4061,0
BUS,61,61,KEOLIS,4061,0
BUS,61,61,KEOLIS,4061,0
BUS,62,62,KEOLIS,4062,0
BUS,62,62,KEOLIS,4062,0
BUS,62,62,KEOLIS,4062,0
BUS,64,64,KEOLIS,4064,0
BUS,64,64,KEOLIS,4064,0
BUS,64,64,KEOLIS,4064,0
TransportType,LineName,LinePublicNumber,DataOwnerCode,LinePlanningNumber,LineVeTagNumber
BUS,3,3,KEOLIS,4703,0
BUS,3,3,KEOLIS,4703,0
BUS,3,3,KEOLIS,4703,0
BUS,4,4,KEOLIS,4704,0
BUS,4,4,KEOLIS,4704,0
BUS,4,4,KEOLIS,4704,0
BUS,5,5,KEOLIS,4705,0
BUS,5,5,KEOLIS,4705,0
BUS,5,5,KEOLIS,4705,0
BUS,6,6,KEOLIS,4706,0
BUS,6,6,KEOLIS,4706,0
BUS,6,6,KEOLIS,4706,0
BUS,7,7,KEOLIS,4707,0
BUS,8,8,KEOLIS,4708,0
BUS,9,9,KEOLIS,4709,0
BUS,9,9,KEOLIS,4709,0
BUS,9,9,KEOLIS,4709,0
BUS,10,10,KEOLIS,4810,0
BUS,10,10,KEOLIS,4810,0
BUS,11,11,KEOLIS,4811,0
BUS,11,11,KEOLIS,4811,0
BUS,11,11,KEOLIS,4811,0
BUS,12,12,KEOLIS,4812,0
BUS,12,12,KEOLIS,4812,0
BUS,12,12,KEOLIS,4812,0
BUS,13,13,KEOLIS,4813,0
BUS,13,13,KEOLIS,4813,0
BUS,13,13,KEOLIS,4813,0
BUS,21,21,KEOLIS,4921,0
BUS,21,21,KEOLIS,4921,0
BUS,22,22,KEOLIS,4922,0
BUS,22,22,KEOLIS,4922,0
BUS,22,22,KEOLIS,4922,0
BUS,23,23,KEOLIS,4923,0
BUS,23,23,KEOLIS,4923,0
BUS,24,24,KEOLIS,4924,0
BUS,24,24,KEOLIS,4924,0
BUS,24,24,KEOLIS,4924,0
BUS,26,26,KEOLIS,4926,0
BUS,26,26,KEOLIS,4926,0
BUS,505,505,KEOLIS,4505,0
BUS,505,505,KEOLIS,4505,0
BUS,322,322,KEOLIS,6322,0
BUS,322,322,KEOLIS,6322,0
BUS,322,322,KEOLIS,6322,0
TransportType,LineName,LinePublicNumber,DataOwnerCode,LinePlanningNumber,LineVeTagNumber
BUS,322,322,KEOLIS,6322,0
BUS,322,322,KEOLIS,6322,0
BUS,322,322,KEOLIS,6322,0
BUS,322,322,KEOLIS,6322,0
BUS,323,323,KEOLIS,6323,0
BUS,323,323,KEOLIS,6323,0
BUS,323,323,KEOLIS,6323,0
BUS,323,323,KEOLIS,6323,0
BUS,323,323,KEOLIS,6323,0
BUS,323,323,KEOLIS,6323,0
BUS,323,323,KEOLIS,6323,0
BUS,326,326,KEOLIS,6326,0
BUS,326,326,KEOLIS,6326,0
BUS,326,326,KEOLIS,6326,0
BUS,327,327,KEOLIS,6327,0
BUS,327,327,KEOLIS,6327,0
BUS,327,327,KEOLIS,6327,0
BUS,327,327,KEOLIS,6327,0
BUS,327,327,KEOLIS,6327,0
BUS,327,327,KEOLIS,6327,0
BUS,327,327,KEOLIS,6327,0
BUS,328,328,KEOLIS,6328,0
BUS,328,328,KEOLIS,6328,0
BUS,328,328,KEOLIS,6328,0
BUS,328,328,KEOLIS,6328,0
BUS,328,328,KEOLIS,6328,0
BUS,328,328,KEOLIS,6328,0
BUS,328,328,KEOLIS,6328,0
BUS,525,525,KEOLIS,6525,0
BUS,525,525,KEOLIS,6525,0
BUS,M1,M1,KEOLIS,6701,0
BUS,M1,M1,KEOLIS,6701,0
BUS,M1,M1,KEOLIS,6701,0
TransportType,LineName,LinePublicNumber,DataOwnerCode,LinePlanningNumber,LineVeTagNumber
BUS,M1,M1,KEOLIS,6701,0
BUS,M1,M1,KEOLIS,6701,0
BUS,M1,M1,KEOLIS,6701,0
BUS,M1,M1,KEOLIS,6701,0
BUS,M2,M2,KEOLIS,6702,0
BUS,M2,M2,KEOLIS,6702,0
BUS,M2,M2,KEOLIS,6702,0
BUS,M2,M2,KEOLIS,6702,0
BUS,M2,M2,KEOLIS,6702,0
BUS,M2,M2,KEOLIS,6702,0
BUS,M2,M2,KEOLIS,6702,0
TransportType,LineName,LinePublicNumber,DataOwnerCode,LinePlanningNumber,LineVeTagNumber
BUS,M3,M3,KEOLIS,6703,0
BUS,M3,M3,KEOLIS,6703,0
BUS,M3,M3,KEOLIS,6703,0
BUS,M3,M3,KEOLIS,6703,0
BUS,M3,M3,KEOLIS,6703,0
BUS,M3,M3,KEOLIS,6703,0
BUS,M3,M3,KEOLIS,6703,0
BUS,M4,M4,KEOLIS,6704,0
BUS,M4,M4,KEOLIS,6704,0
BUS,M4,M4,KEOLIS,6704,0
BUS,M4,M4,KEOLIS,6704,0
BUS,M4,M4,KEOLIS,6704,0
BUS,M4,M4,KEOLIS,6704,0
BUS,M4,M4,KEOLIS,6704,0
TransportType,LineName,LinePublicNumber,DataOwnerCode,LinePlanningNumber,LineVeTagNumber
BUS,M5,M5,KEOLIS,6705,0
BUS,M5,M5,KEOLIS,6705,0
BUS,M5,M5,KEOLIS,6705,0
BUS,M5,M5,KEOLIS,6705,0
BUS,M5,M5,KEOLIS,6705,0
BUS,M5,M5,KEOLIS,6705,0
BUS,M5,M5,KEOLIS,6705,0
BUS,M6,M6,KEOLIS,6706,0
BUS,M6,M6,KEOLIS,6706,0
BUS,M6,M6,KEOLIS,6706,0
BUS,M6,M6,KEOLIS,6706,0
BUS,M6,M6,KEOLIS,6706,0
BUS,M6,M6,KEOLIS,6706,0
BUS,M6,M6,KEOLIS,6706,0
BUS,M7,M7,KEOLIS,6707,0
BUS,M7,M7,KEOLIS,6707,0
TransportType,LineName,LinePublicNumber,DataOwnerCode,LinePlanningNumber,LineVeTagNumber
BUS,Warten - Leeuwarden,22,ARR,19022,22
BUS,Heerenveen via Grou - Leeuwarden,28,ARR,19028,28
BUS,Sneek - Franeker,35,ARR,19035,35
BUS,Balk - Heerenveen,41,ARR,19041,41
BUS,Sneek - Lemmer,42,ARR,19042,42
BUS,Bolsward - Balk,44,ARR,19044,44
BUS,Sneek - Hemelum,45,ARR,19045,45
BUS,Sneek - Oudega v.v.,46,ARR,19046,46
BUS,Sneek via Balk - Lemmer,47,ARR,19047,47
BUS,Lemmer - Heerenveen,48,ARR,19048,48
BUS,Dokkum via Damwald - Leeuwarden,51,ARR,19051,51
BUS,Dokkum via Holwerd - Leeuwarden,60,ARR,19060,60
BUS,Buitenpost - Leeuwarden,62,ARR,19062,62
BUS,Dokkum - Buitenpost,63,ARR,19063,63
BUS,Holwerd - Leeuwarden,66,ARR,19066,66
BUS,Minnertsga - Leeuwarden,70,ARR,19070,70
BUS,Kop Afsluitdijk via Minnertsga - Leeuwarden,71,ARR,19071,71
BUS,Minnertsga via Stiens - Leeuwarden,72,ARR,19072,72
BUS,Harlingen - Franeker,75,ARR,19075,75
BUS,Bolsward - Leeuwarden,92,ARR,19092,92
BUS,Sneek - Reduzum,94,ARR,19094,94
BUS,Heerenveen via Joure - Leeuwarden,95,ARR,19095,95
BUS,Kop Afsluitdijk via Makkum - Bolsward,96,ARR,19096,96
BUS,Harlingen via Franeker - Leeuwarden,97,ARR,19097,97
BUS,Makkum - Heerenveen,98,ARR,19098,98
BUS,Harlingen - Heerenveen,99,ARR,19099,99
BUS,Makkum - Hindeloopen,102,ARR,19102,102
BUS,Stavoren - Hemelum,103,ARR,19103,103
BUS,Dokkum via Holwerd - Leeuwarden,154,ARR,19154,154
BUS,Lauwersoog - Leeuwarden,155,ARR,19155,155
BUS,Dokkum - Holwerd,160,ARR,19160,160
BUS,Holwerd - Leeuwarden,166,ARR,19166,166
BUS,Harlingen - Heerenveen,199,ARR,19199,199
BUS,Busstation - Westeinde,1,ARR,19201,1
BUS,Busstation - Aldlan Oost,2,ARR,19202,2
BUS,Busstation - Camminghaburen,3,ARR,19203,3
BUS,Busstation - Nijlan,4,ARR,19204,4
TransportType,LineName,LinePublicNumber,DataOwnerCode,LinePlanningNumber,LineVeTagNumber
BUS,Centraal Station - P.Oosterhuisstraat,76,GVB,76,76
BUS,Centraal Station - P.Oosterhuisstraat,76,GVB,76,76
BUS,Centraal Station - Station Sloterdijk,N81,GVB,281,281
BUS,Centraal Station - Station Sloterdijk,N81,GVB,281,281
BUS,Centraal Station - Geuzenveld,N82,GVB,282,282
BUS,Centraal Station - Geuzenveld,N82,GVB,282,282
BUS,Centraal Station - Osdorp de Aker,N83,GVB,283,283
BUS,Centraal Station - Osdorp de Aker,N83,GVB,283,283
BUS,Centraal Station - A'veen Busstation,N84,GVB,284,284
BUS,Centraal Station - A'veen Busstation,N84,GVB,284,284
BUS,Centraal Station - Gein,N85,GVB,285,285
BUS,Centraal Station - Gein,N85,GVB,285,285
BUS,Centraal Station - Station Bijlmer ArenA,N86,GVB,286,286
BUS,Centraal Station - Station Bijlmer ArenA,N87,GVB,287,287
BUS,Centraal Station - Station Bijlmer ArenA,N87,GVB,287,287
BUS,Centraal Station - Nieuw Sloten,N88,GVB,288,288
BUS,Centraal Station - Nieuw Sloten,N88,GVB,288,288
BUS,Centraal Station - IJburg,N89,GVB,289,289
BUS,Centraal Station - IJburg,N89,GVB,289,289
BUS,Centraal Station - Nieuwendam,N91,GVB,291,291
BUS,Centraal Station - Nieuwendam,N91,GVB,291,291
BUS,Centraal Station - Molenwijk,N93,GVB,293,293
BUS,Centraal Station - Molenwijk,N93,GVB,293,293
BUS,Centraal Station - Station Sloterdijk,N81,GVB,281,281
BUS,Centraal Station - Station Sloterdijk,N81,GVB,281,281
BUS,Centraal Station - Geuzenveld,N82,GVB,282,282
BUS,Centraal Station - Geuzenveld,N82,GVB,282,282
BUS,Centraal Station - Osdorp de Aker,N83,GVB,283,283
BUS,Centraal Station - Osdorp de Aker,N83,GVB,283,283
BUS,Centraal Station - A'veen Busstation,N84,GVB,284,284
BUS,Centraal Station - A'veen Busstation,N84,GVB,284,284
BUS,Centraal Station - Gein,N85,GVB,285,285
BUS,Centraal Station - Gein,N85,GVB,285,285
BUS,Centraal Station - Gein,N85,GVB,285,285
BUS,Centraal Station - Gein,N85,GVB,285,285
BUS,Centraal Station - Gein,N85,GVB,285,285
BUS,Centraal Station - Gein,N85,GVB,285,285
BUS,Centraal Station - Station Bijlmer ArenA,N86,GVB,286,286
BUS,Centraal Station - Station Bijlmer ArenA,N86,GVB,286,286
BUS,Centraal Station - Station Bijlmer ArenA,N86,GVB,286,286
BUS,Centraal Station - Station Bijlmer ArenA,N86,GVB,286,286
BUS,Centraal Station - Station Bijlmer ArenA,N86,GVB,286,286
BUS,Centraal Station - Station Bijlmer ArenA,N87,GVB,287,287
BUS,Centraal Station - Station Bijlmer ArenA,N87,GVB,287,287
BUS,Centraal Station - Station Bijlmer ArenA,N87,GVB,287,287
BUS,Centraal Station - Station Bijlmer ArenA,N87,GVB,287,287
BUS,Centraal Station - Station Bijlmer ArenA,N87,GVB,287,287
BUS,Centraal Station - Station Bijlmer ArenA,N87,GVB,287,287
BUS,Centraal Station - Nieuw Sloten,N88,GVB,288,288
BUS,Centraal Station - Nieuw Sloten,N88,GVB,288,288
BUS,Centraal Station - IJburg,N89,GVB,289,289
BUS,Centraal Station - IJburg,N89,GVB,289,289
BUS,Centraal Station - Nieuwendam,N91,GVB,291,291
BUS,Centraal Station - Nieuwendam,N91,GVB,291,291
BUS,Centraal Station - Molenwijk,N93,GVB,293,293
BUS,Centraal Station - Molenwijk,N93,GVB,293,293
BOAT,Buiksloterweg - Centraal Station,F3,GVB,901,901
BOAT,Buiksloterweg - Centraal Station,F3,GVB,901,901
BOAT,Buiksloterweg - Centraal Station,F3,GVB,901,901
BOAT,Buiksloterweg - Centraal Station,F3,GVB,901,901
BOAT,NDSM - Centraal Station,F5,GVB,905,905
BOAT,NDSM - Centraal Station,F5,GVB,905,905
BOAT,Buiksloterweg - Centraal Station,F3,GVB,901,901
BOAT,Buiksloterweg - Centraal Station,F3,GVB,901,901
BOAT,Buiksloterweg - Centraal Station,F3,GVB,901,901
BOAT,Buiksloterweg - Centraal Station,F3,GVB,901,901
BOAT,Buiksloterweg - Centraal Station,F3,GVB,901,901
BOAT,Buiksloterweg - Centraal Station,F3,GVB,901,901
BOAT,Buiksloterweg - Centraal Station,F3,GVB,901,901
BOAT,NDSM - Centraal Station,F5,GVB,905,905
BOAT,NDSM - Centraal Station,F5,GVB,905,905
BOAT,NDSM - Centraal Station,F5,GVB,905,905
BUS,Station Holendrecht - Muiderpoortstation,41,GVB,41,41
BUS,Station Holendrecht - Muiderpoortstation,41,GVB,41,41
TransportType,LineName,LinePublicNumber,DataOwnerCode,LinePlanningNumber,LineVeTagNumber
BUS,Borneolaan - Schiphol Zuid,246,GVB,246,246
BUS,Borneolaan - Schiphol Zuid,246,GVB,246,246
BUS,Borneolaan - Schiphol Zuid,246,GVB,246,246
BUS,KNSM Eiland - Station Zuid,65,GVB,65,65
BUS,KNSM Eiland - Station Zuid,65,GVB,65,65
BUS,KNSM Eiland - Station Zuid,65,GVB,65,65
BUS,Borneolaan - Schiphol Zuid,246,GVB,246,246
BUS,Borneolaan - Schiphol Zuid,246,GVB,246,246
BUS,KNSM Eiland - Station Zuid,65,GVB,65,65
BUS,KNSM Eiland - Station Zuid,65,GVB,65,65
BUS,Station Bijlmer ArenA - Diemen Noord,44,GVB,44,44
BUS,Station Bijlmer ArenA - Diemen Noord,44,GVB,44,44
BUS,Station Bijlmer ArenA - Diemen Noord,44,GVB,44,44
BUS,Station Holendrecht - Station Bijlmer ArenA,47,GVB,47,47
BUS,Station Holendrecht - Station Bijlmer ArenA,47,GVB,47,47
BUS,Station Holendrecht - Station Bijlmer ArenA,47,GVB,47,47
BUS,Station Bijlmer ArenA - Diemen Noord,44,GVB,44,44
BUS,Station Bijlmer ArenA - Diemen Noord,44,GVB,44,44
BUS,Station Holendrecht - Station Bijlmer ArenA,47,GVB,47,47
BUS,Station Holendrecht - Station Bijlmer ArenA,47,GVB,47,47
TransportType,LineName,LinePublicNumber,DataOwnerCode,LinePlanningNumber,LineVeTagNumber
BUS,Busstation - Aldlan/Nijlan v.v.,5,ARR,19205,5
BUS,Busstation - Bilgaard v.v.,6,ARR,19206,6
BUS,Busstation - Zuiderburen,7,ARR,19207,7
BUS,Busstation - Vrijheidswijk,8,ARR,19208,8
BUS,Busstation - Bilgaard v.v.,10,ARR,19210,10
BUS,Busstation - Nijlan/Aldlan v.v.,15,ARR,19215,15
BUS,Busstation - Bilgaard v.v.,16,ARR,19216,16
BUS,Busstation - Vrijheidswijk,18,ARR,19218,18
BUS,Emmeloord - Groningen,315,ARR,19315,315
BUS,Emmeloord via Drachten - Groningen,324,ARR,19324,324
BUS,Alkmaar - Leeuwarden,350,ARR,19350,350
BUS,Dokkum - Leeuwarden,355,ARR,19355,355
BUS,Franeker - Witmarsum,575,ARR,19575,175
BUS,Busstation - Caparis Hemrik,611,ARR,19611,211
BUS,Koarnjum - Franeker Sjukelan,891,ARR,19891,91
BUS,Holwerd - Franeker Sjukelan,892,ARR,19892,92
BUS,Warten - Franeker Sjukelan,893,ARR,19893,93
BUS,Akkrum - Franeker Sjukelan,894,ARR,19894,94
BUS,Borculo - Doetinchem,23,ARR,8023,23
BUS,'s-Heerenberg - Doetinchem,24,ARR,8024,24
BUS,Arnhem via Giesbeek - Doetinchem,27,ARR,8027,27
BUS,Gendringen - Doetinchem,28,ARR,8028,28
BUS,Arnhem via Rheden - Doetinchem,29,ARR,8029,29
BUS,Dinxperlo via Terborg - Doetinchem,40,ARR,8040,40
BUS,Vorden - Doetinchem,51,ARR,8051,51
BUS,Lochem West - Lochem Station,52,ARR,8052,52
BUS,Hengelo - Eibergen,53,ARR,8053,53
BUS,Zutphen - Laren,54,ARR,8054,54
BUS,Borculo - Deventer,56,ARR,8056,56
BUS,Neede - Lichtenvoorde,72,ARR,8072,72
BUS,Enschede - Winterswijk,73,ARR,8073,73
BUS,Enschede - Doetinchem,74,ARR,8074,74
BUS,Zutphen - Vorden,80,ARR,8080,80
BUS,Zutphen - Deventer,81,ARR,8081,81
BUS,Zutphen - Doetinchem,82,ARR,8082,82
BUS,Zutphen - Warnsveld,83,ARR,8083,83
BUS,Zutphen Station - Zutphen Zuidwijken,84,ARR,8084,84
BUS,Ruurlo - Aalten,191,ARR,8191,191
BUS,Zutphen via Wichmond - Kranenburg,193,ARR,8193,193
BUS,Zelhem via Dinxperlo - Aalten,194,ARR,8194,194
BUS,Megchelen - Terborg,195,ARR,8195,195
BUS,Nieuw-Dijk via Wehl - 's-Heerenberg,196,ARR,8196,196
BUS,'s-Heerenberg - Terborg,197,ARR,8197,197
BUS,Neede via Borculo - Groenlo,198,ARR,8198,198
BUS,Haaksbergen via Rekken - Eibergen,199,ARR,8199,199
BUS,Dinxperlo via Gendringen - Doetinchem,428,ARR,8428,28
BUS,Haaksbergen/Neede - Varsseveld,470,ARR,8470,70
BUS,Doetinchem Station - Sportpark Zuid,612,ARR,8612,212
BUS,Doetinchem Station - Graafschap College,623,ARR,8623,223
BUS,Vorden - Doetinchem,651,ARR,8651,251
BUS,Doetinchem - Apeldoorn,656,ARR,8656,256
BUS,Stokkum - Ulft,697,ARR,8697,297
BUS,Borculo - Doetinchem,23,ARR,8023,23
BUS,Borculo - Doetinchem,23,ARR,8023,23
BUS,'s-Heerenberg - Doetinchem,24,ARR,8024,24
BUS,'s-Heerenberg - Doetinchem,24,ARR,8024,24
BUS,Arnhem via Giesbeek - Doetinchem,27,ARR,8027,27
BUS,Arnhem via Giesbeek - Doetinchem,27,ARR,8027,27
BUS,Gendringen - Doetinchem,28,ARR,8028,28
BUS,Gendringen - Doetinchem,28,ARR,8028,28
BUS,Arnhem via Rheden - Doetinchem,29,ARR,8029,29
BUS,Dinxperlo via Terborg - Doetinchem,40,ARR,8040,40
BUS,Vorden - Doetinchem,51,ARR,8051,51
BUS,Vorden - Doetinchem,51,ARR,8051,51
BUS,Lochem West - Lochem Station,52,ARR,8052,52
BUS,Hengelo - Eibergen,53,ARR,8053,53
BUS,Zutphen - Laren,54,ARR,8054,54
BUS,Zutphen - Laren,54,ARR,8054,54
TransportType,LineName,LinePublicNumber,DataOwnerCode,LinePlanningNumber,LineVeTagNumber
BUS,C2,C2,KEOLIS,3092,0
BUS,C3,C3,KEOLIS,3093,0
BUS,C3,C3,KEOLIS,3093,0
BUS,C3,C3,KEOLIS,3093,0
BUS,105,105,KEOLIS,3105,0
BUS,105,105,KEOLIS,3105,0
BUS,105,105,KEOLIS,3105,0
BUS,107,107,KEOLIS,3107,0
BUS,107,107,KEOLIS,3107,0
BUS,107,107,KEOLIS,3107,0
BUS,108,108,KEOLIS,3108,0
BUS,108,108,KEOLIS,3108,0
BUS,108,108,KEOLIS,3108,0
BUS,108,108,KEOLIS,3108,0
BUS,108,108,KEOLIS,3108,0
BUS,160,160,KEOLIS,3160,0
BUS,160,160,KEOLIS,3160,0
BUS,160,160,KEOLIS,3160,0
BUS,160,160,KEOLIS,3160,0
BUS,160,160,KEOLIS,3160,0
BUS,231,231,KEOLIS,3231,0
BUS,1,1,KEOLIS,3701,0
BUS,1,1,KEOLIS,3701,0
BUS,1,1,KEOLIS,3701,0
BUS,1,1,KEOLIS,3701,0
BUS,1,1,KEOLIS,3701,0
BUS,2,2,KEOLIS,3702,0
BUS,2,2,KEOLIS,3702,0
BUS,2,2,KEOLIS,3702,0
BUS,2,2,KEOLIS,3702,0
BUS,2,2,KEOLIS,3702,0
BUS,3,3,KEOLIS,3703,0
BUS,3,3,KEOLIS,3703,0
BUS,3,3,KEOLIS,3703,0
BUS,3,3,KEOLIS,3703,0
BUS,3,3,KEOLIS,3703,0
BUS,4,4,KEOLIS,3704,0
BUS,4,4,KEOLIS,3704,0
TransportType,LineName,LinePublicNumber,DataOwnerCode,LinePlanningNumber,LineVeTagNumber
BUS,Westraven - Science Park - Amersfoort,34,QBUZZ,u034,34
BUS,Westraven - Science Park - Amersfoort,34,QBUZZ,u034,34
BUS,Westraven - Science Park - Amersfoort,34,QBUZZ,u034,34
BUS,Nieuwegein Stadscentrum - Het Klooster,46,QBUZZ,u046,46
BUS,Utrecht - Wageningen/Veenendaal,50,QBUZZ,u050,50
BUS,Utrecht - Wageningen/Veenendaal,50,QBUZZ,u050,50
BUS,Utrecht - Wageningen/Veenendaal,50,QBUZZ,u050,50
BUS,Wijk bij Duurstede - Zeist - Amersfoort,56,QBUZZ,u056,56
BUS,Wijk bij Duurstede - Zeist - Amersfoort,56,QBUZZ,u056,56
BUS,Wijk bij Duurstede - Zeist - Amersfoort,56,QBUZZ,u056,56
TRAM,Utrecht CS - Nieuwegein,60,QBUZZ,u060,60
TRAM,Utrecht CS - Nieuwegein,60,QBUZZ,u060,60
TRAM,Utrecht CS - Nieuwegein,60,QBUZZ,u060,60
TRAM,Utrecht CS - Nieuwegein,60,QBUZZ,u060,60
TRAM,Utrecht CS - IJsselstein,61,QBUZZ,u061,61
TRAM,Utrecht CS - IJsselstein,61,QBUZZ,u061,61
TRAM,Utrecht CS - IJsselstein,61,QBUZZ,u061,61
TRAM,Utrecht CS - IJsselstein,61,QBUZZ,u061,61
BUS,Vianen Lekbrug - De Biezen,64,QBUZZ,u064,64
BUS,Maarssen - Utrecht CS - Zeist,73,QBUZZ,u073,73
BUS,Maarssen - Utrecht CS - Zeist,73,QBUZZ,u073,73
TransportType,LineName,LinePublicNumber,DataOwnerCode,LinePlanningNumber,LineVeTagNumber
BUS,Station Schiedam - Cs - Crooswijk,38,RET,10,0
BUS,Station Schiedam - Cs - Crooswijk,38,RET,10,0
BUS,Buurtbus Albrandswaard,602,RET,1064,0
BUS,Buurtbus Albrandswaard,602,RET,1064,0
BUS,Rotterdam Centraal - Station Delft,40,RET,11,0
BUS,Lijn 711,711,RET,1135,0
BUS,Vlaardingen West - Holy,156,RET,1198,0
BUS,Vlaardingen West - Holy,156,RET,1198,0
BUS,Schoolritten,668,RET,1221,0
BUS,Buurtbus Barendrecht,603,RET,1282,0
BUS,Cairostraat - Marconiplein,42,RET,13,0
BUS,STOPenGO Maassluis,526,RET,1302,0
BUS,STOPenGO Maassluis,526,RET,1302,0
BUS,STOPenGO Vlaardingen,557,RET,1303,0
BUS,STOPenGO Lansingerland,574,RET,1422,0
BUS,STOPenGO Lansingerland,574,RET,1422,0
BUS,Lijn 611,611,RET,1442,0
BUS,Lijn 611,611,RET,1442,0
BUS,Buurtbus Capelle,607,RET,1462,0
BUS,Buurtbus Kralingse Veer,606,RET,1463,0
BUS,Melanchtonweg - Park Zestienhoven,34,RET,1485,0
BUS,Zuidplein - Centraal Station,44,RET,15,0
BUS,Zuidplein - Centraal Station,44,RET,15,0
BUS,STOPenGO Charlois,567,RET,1502,0
BUS,STOPenGO Charlois,567,RET,1502,0
BUS,Station Barendrecht - Ridderkerk de Schans,609,RET,1522,0
BUS,Station Barendrecht - Ridderkerk de Schans,609,RET,1522,0
BUS,Barendrecht Postkantoor - Ridderkerk Olmenlaan,608,RET,1523,0
BUS,Barendrecht Postkantoor - Ridderkerk Olmenlaan,608,RET,1523,0
BUS,Blaak - Noordereiland - Blaak,47,RET,181,0
BUS,Blaak - Noordereiland - Blaak,47,RET,181,0
BUS,Zuidplein - Kralingse Zoom,75,RET,187,0
BUS,Hoogvliet M. - Delta - Hoogvliet. M.,79,RET,188,0
BUS,Hoogvliet M. - Delta - Hoogvliet. M.,79,RET,188,0
BUS,Kralingse Zoom - Keizerswaard,83,RET,192,0
BUS,Kralingse Zoom - Keizerswaard,83,RET,192,0
BUS,Capelsebrug - Krimpen a/d IJssel Stormpolder v.v.,96,RET,203,0
BUS,Capelsebrug - Krimpen a/d IJssel,98,RET,205,0
BUS,Capelsebrug - Krimpen a/d IJssel,98,RET,205,0
BUS,Station Schiedam - Woudhoek,51,RET,21,0
BUS,Station Schiedam - Woudhoek,51,RET,21,0
BUS,Woudhoek - Station Schiedam Centrum,53,RET,22,0
BUS,Schiedam - Gorzen - Schiedam,54,RET,23,0
BUS,Schiedam - Gorzen - Schiedam,54,RET,23,0
BUS,Vlaardingen West - Holy,56,RET,24,0
BUS,Vlaardingen West - Holy,56,RET,24,0
BUS,Hoogvliet Metro via Oudelande,61,RET,26,0
BUS,Hoogvliet Metro via Oudelande,61,RET,26,0
BUS,Hoogvliet Metro via Westpunt,62,RET,27,0
BUS,Hoogvliet Metro via Westpunt,62,RET,27,0
BUS,HVT - Zamlplaat - Binnenban - HVT,63,RET,28,0
TransportType,LineName,LinePublicNumber,DataOwnerCode,LinePlanningNumber,LineVeTagNumber
BUS,HVT - Zamlplaat - Binnenban - HVT,63,RET,28,0
BUS,HVT - Binnenban - Zalmplaat - HVT,64,RET,29,0
BUS,HVT - Binnenban - Zalmplaat - HVT,64,RET,29,0
BUS,Station Alexander -Schollevaar,30,RET,3,0
BUS,Station Alexander -Schollevaar,30,RET,3,0
BUS,Poortugaal M - Rhoon - Overhoeken - Poortugaal,65,RET,30,0
BUS,Zuidplein - Feijenoord - Zuidplein,66,RET,31,0
BUS,Zuidplein - Feijenoord - Zuidplein,66,RET,31,0
BUS,Zuidplein - Pendrecht,67,RET,32,0
BUS,Zuidplein - Heyplaat,68,RET,33,0
BUS,Zuidplein - Heyplaat,68,RET,33,0
BUS,Zuidplein - Pernis,69,RET,34,0
BUS,Zuidplein Laag - Keizerswaard,70,RET,35,0
BUS,Zuidplein Laag - Keizerswaard,70,RET,35,0
BUS,Zuidplein - Willem Egmondstraat,72,RET,37,0
BUS,Capelsebrug - Krimpen a/d IJssel,97,RET,380,0
BUS,Capelsebrug - Krimpen a/d IJssel,97,RET,380,0
BUS,Zuidplein - Keizerswaard,76,RET,39,0
BUS,Zuidplein - Keizerswaard,76,RET,39,0
BUS,Stat Alex - Oostgaarde - Stat Alex (Ringlijn),31,RET,4,0
BUS,Stat Alex - Oostgaarde - Stat Alex (Ringlijn),31,RET,4,0
BUS,Zuidplein - SS Rotterdam,77,RET,40,0
BUS,Zuidplein - SS Rotterdam,77,RET,40,0
TRAM,Charlois - Keizerswaard,2,RET,42,0
TransportType,LineName,LinePublicNumber,DataOwnerCode,LinePlanningNumber,LineVeTagNumber
TRAM,Charlois - Keizerswaard,2,RET,42,0
TRAM,Molenlaan - Marconiplein,4,RET,43,0
TRAM,Molenlaan - Marconiplein,4,RET,43,0
TRAM,Woudestein - Willemsplein,7,RET,44,0
TRAM,Woudestein - Willemsplein,7,RET,44,0
TRAM,Kleiweg - Spangen,8,RET,45,0
TRAM,Kleiweg - Spangen,8,RET,45,0
TRAM,Lombardijen - Rotterdam Centraal,20,RET,46,0
TRAM,De Esch - Woudhoek,21,RET,47,0
TRAM,De Esch - Woudhoek,21,RET,47,0
TRAM,Beverwaard - Marconiplein,23,RET,48,0
TRAM,Beverwaard - Marconiplein,23,RET,48,0
TransportType,LineName,LinePublicNumber,DataOwnerCode,LinePlanningNumber,LineVeTagNumber
BUS,66,66,KEOLIS,4066,0
BUS,66,66,KEOLIS,4066,0
BUS,80,80,KEOLIS,4080,0
BUS,81,81,KEOLIS,4081,0
BUS,81,81,KEOLIS,4081,0
BUS,81,81,KEOLIS,4081,0
BUS,83,83,KEOLIS,4083,0
BUS,83,83,KEOLIS,4083,0
BUS,95,95,KEOLIS,4095,0
BUS,95,95,KEOLIS,4095,0
BUS,96,96,KEOLIS,4096,0
BUS,96,96,KEOLIS,4096,0
BUS,97,97,KEOLIS,4097,0
BUS,97,97,KEOLIS,4097,0
BUS,506,506,KEOLIS,4506,0
BUS,506,506,KEOLIS,4506,0
BUS,513,513,KEOLIS,4513,0
BUS,525,525,KEOLIS,4525,0
BUS,525,525,KEOLIS,4525,0
BUS,530,530,KEOLIS,4530,0
BUS,531,531,KEOLIS,4531,0
BUS,532,532,KEOLIS,4532,0
BUS,591,591,KEOLIS,4591,0
BUS,591,591,KEOLIS,4591,0
BUS,591,591,KEOLIS,4591,0
BUS,592,592,KEOLIS,4592,0
BUS,594,594,KEOLIS,4594,0
BUS,594,594,KEOLIS,4594,0
BUS,595,595,KEOLIS,4595,0
BUS,596,596,KEOLIS,4596,0
BUS,597,597,KEOLIS,4597,0
BUS,597,597,KEOLIS,4597,0
BUS,599,599,KEOLIS,4599,0
BUS,1,1,KEOLIS,4701,0
BUS,1,1,KEOLIS,4701,0
BUS,1,1,KEOLIS,4701,0
BUS,2,2,KEOLIS,4702,0
BUS,2,2,KEOLIS,4702,0
BUS,2,2,KEOLIS,4702,0
TransportType,LineName,LinePublicNumber,DataOwnerCode,LinePlanningNumber,LineVeTagNumber
BUS,Station Barendrecht - Zuidplein,84,RET,480,0
BUS,Station Barendrecht - Zuidplein,84,RET,480,0
BUS,Overschie-Noordereiland,32,RET,5,0
BUS,Overschie-Noordereiland,32,RET,5,0
TRAM,Carnisselande - Schiebroek,25,RET,50,0
TRAM,Carnisselande - Schiebroek,25,RET,50,0
BUS,Zuidplein - Portland,82,RET,500,0
BUS,Zuidplein - Portland,82,RET,500,0
BUS,Station Schiedam - Maassluis,126,RET,580,0
BUS,Station Schiedam - Maassluis,126,RET,580,0
BUS,Zoetermeer - Station Rodenrijs,170,RET,581,0
BUS,Zoetermeer - Station Rodenrijs,170,RET,581,0
BUS,Centraal Station - Rotterdam Airport,33,RET,6,0
BUS,Centraal Station - Rotterdam Airport,33,RET,6,0
BUS,Station Rodenrijs - Lansingerland,173,RET,600,0
BUS,Station Rodenrijs - Lansingerland,173,RET,600,0
TransportType,LineName,LinePublicNumber,DataOwnerCode,LinePlanningNumber,LineVeTagNumber
BUS,Station Noord - Station Delft,174,RET,601,0
BUS,Station Noord - Station Delft,174,RET,601,0
BUS,Kralingsezoom - Slikkerveer,140,RET,620,0
BUS,Zuidplein - Ridderkerk,143,RET,621,0
BUS,Zuidplein - Ridderkerk,143,RET,621,0
BUS,Zuidplein - Ridderkerk Drievliet,144,RET,622,0
BUS,Zuidplein - Ridderkerk Drievliet,144,RET,622,0
BUS,Zuidplein - Ridderkerk Drievliet,146,RET,641,0
BUS,Zuidplein - Ridderkerk Drievliet,146,RET,641,0
BUS,Zuidplein - Kralingse Zoom,183,RET,642,0
BUS,Zuidplein - Kralingse Zoom,183,RET,642,0
BUS,Zuidplein - Barendrecht Bedrijventerrein,187,RET,644,0
BUS,Ridderkerk (Spinozastraat ) - Kralingsezoom,245,RET,645,0
BUS,Zuidplein - Ridderkerk ( Donkersloot ),290,RET,646,0
BUS,Station Melanchtonweg - Station Alexander,35,RET,7,0
BUS,Station Melanchtonweg - Station Alexander,35,RET,7,0
BUS,Station Alexander - Station Kralingse Zoom,36,RET,8,0
BUS,Station Alexander - Station Kralingse Zoom,36,RET,8,0
TRAM,De Esch - Holy,24,RET,820,0
TRAM,De Esch - Holy,24,RET,820,0
BUS,Hof van Spaland - Woudhoek,121,RET,860,0
BUS,Hof van Spaland - Woudhoek,121,RET,860,0
BUS,Station Alexander - Capelsebrug,37,RET,9,0
BUS,Station Alexander - Capelsebrug,37,RET,9,0
TransportType,LineName,LinePublicNumber,DataOwnerCode,LinePlanningNumber,LineVeTagNumber
BUS,Slinge - Kralingsezoom,283,RET,983,0
BOAT,Hoek van Holland - Maasvlakte,1,RET,F001,0
METRO,A lijn,A,RET,M006,0
METRO,A lijn,A,RET,M006,0
METRO,B lijn,B,RET,M007,0
METRO,B lijn,B,RET,M007,0
METRO,C lijn,C,RET,M008,0
METRO,C lijn,C,RET,M008,0
METRO,D lijn,D,RET,M009,0
METRO,D lijn,D,RET,M009,0
METRO,E lijn,E,RET,M010,0
TransportType,LineName,LinePublicNumber,DataOwnerCode,LinePlanningNumber,LineVeTagNumber
METRO,E lijn,E,RET,M010,0
BUS,Station Schiedam - Cs - Crooswijk,38,RET,10,0
BUS,Station Schiedam - Cs - Crooswijk,38,RET,10,0
BUS,Station Schiedam - Cs - Crooswijk,38,RET,10,0
BUS,Buurtbus Albrandswaard,602,RET,1064,0
BUS,Buurtbus Albrandswaard,602,RET,1064,0
TRAM,Lijn 25 voor Kralingen tijdens Schiekade,125,RET,1091,0
BUS,Rotterdam Centraal - Station Delft,40,RET,11,0
BUS,Lijn 711,711,RET,1135,0
BUS,Vlaardingen West - Holy,156,RET,1198,0
BUS,Vlaardingen West - Holy,156,RET,1198,0
BUS,Schoolritten,668,RET,1221,0
BUS,Buurtbus Barendrecht,603,RET,1282,0
BUS,Cairostraat - Marconiplein,42,RET,13,0
BUS,STOPenGO Maassluis,526,RET,1302,0
BUS,STOPenGO Maassluis,526,RET,1302,0
BUS,STOPenGO Maassluis,526,RET,1302,0
BUS,STOPenGO Vlaardingen,557,RET,1303,0
BUS,STOPenGO Lansingerland,574,RET,1422,0
BUS,STOPenGO Lansingerland,574,RET,1422,0
BUS,STOPenGO Lansingerland,574,RET,1422,0
BUS,Lijn 611,611,RET,1442,0
BUS,Lijn 611,611,RET,1442,0
BUS,Lijn 611,611,RET,1442,0
BUS,Buurtbus Capelle,607,RET,1462,0
BUS,Buurtbus Kralingse Veer,606,RET,1463,0
BUS,Melanchtonweg - Park Zestienhoven,34,RET,1485,0
BUS,Zuidplein - Centraal Station,44,RET,15,0
BUS,Zuidplein - Centraal Station,44,RET,15,0
BUS,Zuidplein - Centraal Station,44,RET,15,0
BUS,STOPenGO Charlois,567,RET,1502,0
BUS,STOPenGO Charlois,567,RET,1502,0
BUS,Station Barendrecht - Ridderkerk de Schans,609,RET,1522,0
BUS,Station Barendrecht - Ridderkerk de Schans,609,RET,1522,0
BUS,Barendrecht Postkantoor - Ridderkerk Olmenlaan,608,RET,1523,0
BUS,Barendrecht Postkantoor - Ridderkerk Olmenlaan,608,RET,1523,0
BUS,Blaak - Noordereiland - Blaak,47,RET,181,0
BUS,Blaak - Noordereiland - Blaak,47,RET,181,0
BUS,Zuidplein - Kralingse Zoom,75,RET,187,0
BUS,Hoogvliet M. - Delta - Hoogvliet. M.,79,RET,188,0
BUS,Hoogvliet M. - Delta - Hoogvliet. M.,79,RET,188,0
BUS,Hoogvliet M. - Delta - Hoogvliet. M.,79,RET,188,0
BUS,Kralingse Zoom - Keizerswaard,83,RET,192,0
BUS,Kralingse Zoom - Keizerswaard,83,RET,192,0
BUS,Kralingse Zoom - Keizerswaard,83,RET,192,0
BUS,Capelsebrug - Krimpen a/d IJssel Stormpolder v.v.,96,RET,203,0
BUS,Capelsebrug - Krimpen a/d IJssel,98,RET,205,0
BUS,Capelsebrug - Krimpen a/d IJssel,98,RET,205,0
BUS,Capelsebrug - Krimpen a/d IJssel,98,RET,205,0
TransportType,LineName,LinePublicNumber,DataOwnerCode,LinePlanningNumber,LineVeTagNumber
BUS,Station Schiedam - Woudhoek,51,RET,21,0
BUS,Station Schiedam - Woudhoek,51,RET,21,0
BUS,Woudhoek - Station Schiedam Centrum,53,RET,22,0
BUS,Schiedam - Gorzen - Schiedam,54,RET,23,0
BUS,Schiedam - Gorzen - Schiedam,54,RET,23,0
BUS,Schiedam - Gorzen - Schiedam,54,RET,23,0
BUS,Vlaardingen West - Holy,56,RET,24,0
BUS,Vlaardingen West - Holy,56,RET,24,0
BUS,Vlaardingen West - Holy,56,RET,24,0
BUS,Hoogvliet Metro via Oudelande,61,RET,26,0
BUS,Hoogvliet Metro via Oudelande,61,RET,26,0
BUS,Hoogvliet Metro via Oudelande,61,RET,26,0
BUS,Hoogvliet Metro via Westpunt,62,RET,27,0
BUS,Hoogvliet Metro via Westpunt,62,RET,27,0
BUS,Hoogvliet Metro via Westpunt,62,RET,27,0
BUS,HVT - Zamlplaat - Binnenban - HVT,63,RET,28,0
BUS,HVT - Zamlplaat - Binnenban - HVT,63,RET,28,0
BUS,HVT - Zamlplaat - Binnenban - HVT,63,RET,28,0
BUS,HVT - Binnenban - Zalmplaat - HVT,64,RET,29,0
BUS,HVT - Binnenban - Zalmplaat - HVT,64,RET,29,0
BUS,Station Alexander -Schollevaar,30,RET,3,0
BUS,Station Alexander -Schollevaar,30,RET,3,0
BUS,Station Alexander -Schollevaar,30,RET,3,0
BUS,Poortugaal M - Rhoon - Overhoeken - Poortugaal,65,RET,30,0
BUS,Zuidplein - Feijenoord - Zuidplein,66,RET,31,0
BUS,Zuidplein - Feijenoord - Zuidplein,66,RET,31,0
BUS,Zuidplein - Feijenoord - Zuidplein,66,RET,31,0
BUS,Zuidplein - Pendrecht,67,RET,32,0
BUS,Zuidplein - Heyplaat,68,RET,33,0
BUS,Zuidplein - Heyplaat,68,RET,33,0
BUS,Zuidplein - Heyplaat,68,RET,33,0
BUS,Zuidplein - Pernis,69,RET,34,0
BUS,Zuidplein Laag - Keizerswaard,70,RET,35,0
BUS,Zuidplein Laag - Keizerswaard,70,RET,35,0
BUS,Zuidplein Laag - Keizerswaard,70,RET,35,0
TransportType,LineName,LinePublicNumber,DataOwnerCode,LinePlanningNumber,LineVeTagNumber
BUS,M7,M7,KEOLIS,6707,0
BUS,M7,M7,KEOLIS,6707,0
BUS,M7,M7,KEOLIS,6707,0
BUS,M7,M7,KEOLIS,6707,0
BUS,M7,M7,KEOLIS,6707,0
BUS,22,22,KEOLIS,6722,0
BUS,22,22,KEOLIS,6722,0
BUS,22,22,KEOLIS,6722,0
BUS,24,24,KEOLIS,6724,0
BUS,24,24,KEOLIS,6724,0
BUS,24,24,KEOLIS,6724,0
BUS,24,24,KEOLIS,6724,0
BUS,24,24,KEOLIS,6724,0
BUS,24,24,KEOLIS,6724,0
BUS,24,24,KEOLIS,6724,0
BUS,25,25,KEOLIS,6725,0
BUS,25,25,KEOLIS,6725,0
BUS,25,25,KEOLIS,6725,0
BUS,805,805,KEOLIS,6805,0
TransportType,LineName,LinePublicNumber,DataOwnerCode,LinePlanningNumber,LineVeTagNumber
BUS,Zuidplein - Willem Egmondstraat,72,RET,37,0
BUS,Capelsebrug - Krimpen a/d IJssel,97,RET,380,0
BUS,Capelsebrug - Krimpen a/d IJssel,97,RET,380,0
BUS,Capelsebrug - Krimpen a/d IJssel,97,RET,380,0
BUS,Zuidplein - Keizerswaard,76,RET,39,0
BUS,Zuidplein - Keizerswaard,76,RET,39,0
BUS,Zuidplein - Keizerswaard,76,RET,39,0
BUS,Stat Alex - Oostgaarde - Stat Alex (Ringlijn),31,RET,4,0
BUS,Stat Alex - Oostgaarde - Stat Alex (Ringlijn),31,RET,4,0
BUS,Stat Alex - Oostgaarde - Stat Alex (Ringlijn),31,RET,4,0
BUS,Zuidplein - SS Rotterdam,77,RET,40,0
BUS,Zuidplein - SS Rotterdam,77,RET,40,0
BUS,Zuidplein - SS Rotterdam,77,RET,40,0
TRAM,Charlois - Keizerswaard,2,RET,42,0
TRAM,Charlois - Keizerswaard,2,RET,42,0
TRAM,Charlois - Keizerswaard,2,RET,42,0
TRAM,Molenlaan - Marconiplein,4,RET,43,0
TRAM,Molenlaan - Marconiplein,4,RET,43,0
TRAM,Molenlaan - Marconiplein,4,RET,43,0
TransportType,LineName,LinePublicNumber,DataOwnerCode,LinePlanningNumber,LineVeTagNumber
TRAM,Woudestein - Willemsplein,7,RET,44,0
TRAM,Woudestein - Willemsplein,7,RET,44,0
TRAM,Woudestein - Willemsplein,7,RET,44,0
TRAM,Kleiweg - Spangen,8,RET,45,0
TRAM,Kleiweg - Spangen,8,RET,45,0
TRAM,Kleiweg - Spangen,8,RET,45,0
TRAM,Lombardijen - Rotterdam Centraal,20,RET,46,0
TRAM,De Esch - Woudhoek,21,RET,47,0
TRAM,De Esch - Woudhoek,21,RET,47,0
TRAM,De Esch - Woudhoek,21,RET,47,0
TRAM,Beverwaard - Marconiplein,23,RET,48,0
TRAM,Beverwaard - Marconiplein,23,RET,48,0
TRAM,Beverwaard - Marconiplein,23,RET,48,0
TransportType,LineName,LinePublicNumber,DataOwnerCode,LinePlanningNumber,LineVeTagNumber
BUS,Station Barendrecht - Zuidplein,84,RET,480,0
BUS,Station Barendrecht - Zuidplein,84,RET,480,0
BUS,Station Barendrecht - Zuidplein,84,RET,480,0
BUS,Overschie-Noordereiland,32,RET,5,0
BUS,Overschie-Noordereiland,32,RET,5,0
BUS,Overschie-Noordereiland,32,RET,5,0
TRAM,Carnisselande - Schiebroek,25,RET,50,0
TRAM,Carnisselande - Schiebroek,25,RET,50,0
TRAM,Carnisselande - Schiebroek,25,RET,50,0
BUS,Zuidplein - Portland,82,RET,500,0
BUS,Zuidplein - Portland,82,RET,500,0
BUS,Zuidplein - Portland,82,RET,500,0
BUS,Station Schiedam - Maassluis,126,RET,580,0
BUS,Station Schiedam - Maassluis,126,RET,580,0
BUS,Zoetermeer - Station Rodenrijs,170,RET,581,0
BUS,Zoetermeer - Station Rodenrijs,170,RET,581,0
BUS,Zoetermeer - Station Rodenrijs,170,RET,581,0
TransportType,LineName,LinePublicNumber,DataOwnerCode,LinePlanningNumber,LineVeTagNumber
BUS,Centraal Station - Rotterdam Airport,33,RET,6,0
BUS,Centraal Station - Rotterdam Airport,33,RET,6,0
BUS,Centraal Station - Rotterdam Airport,33,RET,6,0
BUS,Station Rodenrijs - Lansingerland,173,RET,600,0
BUS,Station Rodenrijs - Lansingerland,173,RET,600,0
BUS,Station Rodenrijs - Lansingerland,173,RET,600,0
BUS,Station Noord - Station Delft,174,RET,601,0
BUS,Station Noord - Station Delft,174,RET,601,0
BUS,Station Noord - Station Delft,174,RET,601,0
BUS,Kralingsezoom - Slikkerveer,140,RET,620,0
BUS,Zuidplein - Ridderkerk,143,RET,621,0
BUS,Zuidplein - Ridderkerk,143,RET,621,0
BUS,Zuidplein - Ridderkerk Drievliet,144,RET,622,0
BUS,Zuidplein - Ridderkerk Drievliet,144,RET,622,0
BUS,Zuidplein - Ridderkerk Drievliet,144,RET,622,0
BUS,Zuidplein - Ridderkerk Drievliet,146,RET,641,0
BUS,Zuidplein - Ridderkerk Drievliet,146,RET,641,0
BUS,Zuidplein - Ridderkerk Drievliet,146,RET,641,0
BUS,Zuidplein - Kralingse Zoom,183,RET,642,0
BUS,Zuidplein - Kralingse Zoom,183,RET,642,0
BUS,Zuidplein - Barendrecht Bedrijventerrein,187,RET,644,0
BUS,Ridderkerk (Spinozastraat ) - Kralingsezoom,245,RET,645,0
BUS,Zuidplein - Ridderkerk ( Donkersloot ),290,RET,646,0
BUS,Station Melanchtonweg - Station Alexander,35,RET,7,0
BUS,Station Melanchtonweg - Station Alexander,35,RET,7,0
BUS,Station Melanchtonweg - Station Alexander,35,RET,7,0
TransportType,LineName,LinePublicNumber,DataOwnerCode,LinePlanningNumber,LineVeTagNumber
BUS,Station Alexander - Station Kralingse Zoom,36,RET,8,0
BUS,Station Alexander - Station Kralingse Zoom,36,RET,8,0
BUS,Station Alexander - Station Kralingse Zoom,36,RET,8,0
TRAM,De Esch - Holy,24,RET,820,0
TRAM,De Esch - Holy,24,RET,820,0
TRAM,De Esch - Holy,24,RET,820,0
BUS,Hof van Spaland - Woudhoek,121,RET,860,0
BUS,Hof van Spaland - Woudhoek,121,RET,860,0
BUS,Hof van Spaland - Woudhoek,121,RET,860,0
BUS,Station Alexander - Capelsebrug,37,RET,9,0
BUS,Station Alexander - Capelsebrug,37,RET,9,0
BUS,Pendelbus metro HVT-SLG,709,RET,943,0
BUS,Slinge - Kralingsezoom,283,RET,983,0
BOAT,Hoek van Holland - Maasvlakte,1,RET,F001,0
METRO,A lijn,A,RET,M006,0
METRO,A lijn,A,RET,M006,0
METRO,A lijn,A,RET,M006,0
METRO,B lijn,B,RET,M007,0
METRO,B lijn,B,RET,M007,0
TransportType,LineName,LinePublicNumber,DataOwnerCode,LinePlanningNumber,LineVeTagNumber
METRO,B lijn,B,RET,M007,0
METRO,C lijn,C,RET,M008,0
METRO,C lijn,C,RET,M008,0
METRO,C lijn,C,RET,M008,0
METRO,D lijn,D,RET,M009,0
METRO,D lijn,D,RET,M009,0
METRO,D lijn,D,RET,M009,0
METRO,E lijn,E,RET,M010,0
METRO,E lijn,E,RET,M010,0
METRO,E lijn,E,RET,M010,0
BUS,Station Schiedam - Cs - Crooswijk,38,RET,10,0
TransportType,LineName,LinePublicNumber,DataOwnerCode,LinePlanningNumber,LineVeTagNumber
BUS,Station Schiedam - Cs - Crooswijk,38,RET,10,0
BUS,Station Schiedam - Cs - Crooswijk,38,RET,10,0
TRAM,Lijn 25 voor Kralingen tijdens Schiekade,125,RET,1091,0
TRAM,Lijn 25 voor Kralingen tijdens Schiekade,125,RET,1091,0
TRAM,Lijn 25 voor Kralingen tijdens Schiekade,125,RET,1091,0
BUS,Rotterdam Centraal - Station Delft,40,RET,11,0
BUS,Vlaardingen West - Holy,156,RET,1198,0
BUS,Vlaardingen West - Holy,156,RET,1198,0
BUS,Cairostraat - Marconiplein,42,RET,13,0
BUS,Zuidplein - Centraal Station,44,RET,15,0
BUS,Zuidplein - Centraal Station,44,RET,15,0
BUS,Zuidplein - Centraal Station,44,RET,15,0
BUS,Zuidplein - Kralingse Zoom,75,RET,187,0
BUS,Hoogvliet M. - Delta - Hoogvliet. M.,79,RET,188,0
BUS,Hoogvliet M. - Delta - Hoogvliet. M.,79,RET,188,0
BUS,Hoogvliet M. - Delta - Hoogvliet. M.,79,RET,188,0
BUS,Kralingse Zoom - Keizerswaard,83,RET,192,0
BUS,Kralingse Zoom - Keizerswaard,83,RET,192,0
BUS,Kralingse Zoom - Keizerswaard,83,RET,192,0
BUS,Capelsebrug - Krimpen a/d IJssel Stormpolder v.v.,96,RET,203,0
BUS,Capelsebrug - Krimpen a/d IJssel,98,RET,205,0
BUS,Capelsebrug - Krimpen a/d IJssel,98,RET,205,0
BUS,Capelsebrug - Krimpen a/d IJssel,98,RET,205,0
BUS,Station Schiedam - Woudhoek,51,RET,21,0
BUS,Station Schiedam - Woudhoek,51,RET,21,0
BUS,Woudhoek - Station Schiedam Centrum,53,RET,22,0
BUS,Schiedam - Gorzen - Schiedam,54,RET,23,0
BUS,Schiedam - Gorzen - Schiedam,54,RET,23,0
BUS,Schiedam - Gorzen - Schiedam,54,RET,23,0
BUS,Vlaardingen West - Holy,56,RET,24,0
BUS,Vlaardingen West - Holy,56,RET,24,0
BUS,Vlaardingen West - Holy,56,RET,24,0
BUS,Hoogvliet Metro via Oudelande,61,RET,26,0
BUS,Hoogvliet Metro via Oudelande,61,RET,26,0
BUS,Hoogvliet Metro via Oudelande,61,RET,26,0
BUS,Hoogvliet Metro via Westpunt,62,RET,27,0
BUS,Hoogvliet Metro via Westpunt,62,RET,27,0
BUS,Hoogvliet Metro via Westpunt,62,RET,27,0
BUS,HVT - Zamlplaat - Binnenban - HVT,63,RET,28,0
BUS,HVT - Zamlplaat - Binnenban - HVT,63,RET,28,0
BUS,HVT - Zamlplaat - Binnenban - HVT,63,RET,28,0
TransportType,LineName,LinePublicNumber,DataOwnerCode,LinePlanningNumber,LineVeTagNumber
BUS,Borculo - Deventer,56,ARR,8056,56
BUS,Borculo - Deventer,56,ARR,8056,56
BUS,Neede - Lichtenvoorde,72,ARR,8072,72
BUS,Enschede - Winterswijk,73,ARR,8073,73
BUS,Enschede - Doetinchem,74,ARR,8074,74
BUS,Zutphen - Vorden,80,ARR,8080,80
BUS,Zutphen - Deventer,81,ARR,8081,81
BUS,Zutphen - Deventer,81,ARR,8081,81
BUS,Zutphen - Doetinchem,82,ARR,8082,82
BUS,Zutphen - Doetinchem,82,ARR,8082,82
BUS,Zutphen - Warnsveld,83,ARR,8083,83
BUS,Zutphen - Warnsveld,83,ARR,8083,83
BUS,Zutphen Station - Zutphen Zuidwijken,84,ARR,8084,84
BUS,Zutphen Station - Zutphen Zuidwijken,84,ARR,8084,84
BUS,Ruurlo - Aalten,191,ARR,8191,191
BUS,Zutphen via Wichmond - Kranenburg,193,ARR,8193,193
BUS,Zelhem via Dinxperlo - Aalten,194,ARR,8194,194
BUS,Megchelen - Terborg,195,ARR,8195,195
BUS,Nieuw-Dijk via Wehl - 's-Heerenberg,196,ARR,8196,196
BUS,'s-Heerenberg - Terborg,197,ARR,8197,197
BUS,Neede via Borculo - Groenlo,198,ARR,8198,198
BUS,Haaksbergen via Rekken - Eibergen,199,ARR,8199,199
BUS,Dinxperlo via Gendringen - Doetinchem,428,ARR,8428,28
BUS,Dinxperlo via Gendringen - Doetinchem,428,ARR,8428,28
BUS,Haaksbergen/Neede - Varsseveld,470,ARR,8470,70
BUS,Haaksbergen/Neede - Varsseveld,470,ARR,8470,70
BUS,Doetinchem Station - Sportpark Zuid,612,ARR,8612,212
BUS,Doetinchem Station - Graafschap College,623,ARR,8623,223
BUS,Vorden - Doetinchem,651,ARR,8651,251
BUS,Doetinchem - Apeldoorn,656,ARR,8656,256
BUS,Stokkum - Ulft,697,ARR,8697,297
TransportType,LineName,LinePublicNumber,DataOwnerCode,LinePlanningNumber,LineVeTagNumber
BUS,HVT - Binnenban - Zalmplaat - HVT,64,RET,29,0
BUS,HVT - Binnenban - Zalmplaat - HVT,64,RET,29,0
BUS,Station Alexander -Schollevaar,30,RET,3,0
BUS,Station Alexander -Schollevaar,30,RET,3,0
BUS,Station Alexander -Schollevaar,30,RET,3,0
BUS,Poortugaal M - Rhoon - Overhoeken - Poortugaal,65,RET,30,0
BUS,Zuidplein - Feijenoord - Zuidplein,66,RET,31,0
BUS,Zuidplein - Feijenoord - Zuidplein,66,RET,31,0
BUS,Zuidplein - Feijenoord - Zuidplein,66,RET,31,0
BUS,Zuidplein - Pendrecht,67,RET,32,0
BUS,Zuidplein - Heyplaat,68,RET,33,0
BUS,Zuidplein - Heyplaat,68,RET,33,0
BUS,Zuidplein - Heyplaat,68,RET,33,0
BUS,Zuidplein - Pernis,69,RET,34,0
BUS,Zuidplein Laag - Keizerswaard,70,RET,35,0
BUS,Zuidplein Laag - Keizerswaard,70,RET,35,0
BUS,Zuidplein Laag - Keizerswaard,70,RET,35,0
BUS,Zuidplein - Willem Egmondstraat,72,RET,37,0
BUS,Capelsebrug - Krimpen a/d IJssel,97,RET,380,0
BUS,Capelsebrug - Krimpen a/d IJssel,97,RET,380,0
BUS,Capelsebrug - Krimpen a/d IJssel,97,RET,380,0
BUS,Zuidplein - Keizerswaard,76,RET,39,0
BUS,Zuidplein - Keizerswaard,76,RET,39,0
BUS,Zuidplein - Keizerswaard,76,RET,39,0
BUS,Stat Alex - Oostgaarde - Stat Alex (Ringlijn),31,RET,4,0
BUS,Stat Alex - Oostgaarde - Stat Alex (Ringlijn),31,RET,4,0
BUS,Stat Alex - Oostgaarde - Stat Alex (Ringlijn),31,RET,4,0
BUS,Zuidplein - SS Rotterdam,77,RET,40,0
TransportType,LineName,LinePublicNumber,DataOwnerCode,LinePlanningNumber,LineVeTagNumber
BUS,Maarssen - Utrecht CS - Zeist,73,QBUZZ,u073,73
BUS,Leerdam - Utrecht,85,QBUZZ,u085,85
BUS,Leerdam - Utrecht,85,QBUZZ,u085,85
BUS,Leerdam - Utrecht,85,QBUZZ,u085,85
BUS,Leerdam - Utrecht,285,QBUZZ,u285,285
BUS,Lexmond - Leerdam - Ameide,703,QBUZZ,u703,703
BUS,Nieuwegein-Centrum naar IJsselstein-Zuid,161,QBUZZ,u961,161
BUS,Nieuwegein-Centrum naar IJsselstein-Zuid,161,QBUZZ,u961,161
BUS,Nieuwegein-Centrum naar IJsselstein-Zuid,161,QBUZZ,u961,161
TransportType,LineName,LinePublicNumber,DataOwnerCode,LinePlanningNumber,LineVeTagNumber
BUS,Zuidplein - SS Rotterdam,77,RET,40,0
BUS,Zuidplein - SS Rotterdam,77,RET,40,0
TRAM,Charlois - Keizerswaard,2,RET,42,0
TRAM,Charlois - Keizerswaard,2,RET,42,0
TRAM,Charlois - Keizerswaard,2,RET,42,0
TRAM,Molenlaan - Marconiplein,4,RET,43,0
TRAM,Molenlaan - Marconiplein,4,RET,43,0
TRAM,Molenlaan - Marconiplein,4,RET,43,0
TRAM,Woudestein - Willemsplein,7,RET,44,0
TRAM,Woudestein - Willemsplein,7,RET,44,0
TRAM,Woudestein - Willemsplein,7,RET,44,0
TRAM,Kleiweg - Spangen,8,RET,45,0
TRAM,Kleiweg - Spangen,8,RET,45,0
TRAM,Kleiweg - Spangen,8,RET,45,0
TRAM,De Esch - Woudhoek,21,RET,47,0
TransportType,LineName,LinePublicNumber,DataOwnerCode,LinePlanningNumber,LineVeTagNumber
TRAM,De Esch - Woudhoek,21,RET,47,0
TRAM,De Esch - Woudhoek,21,RET,47,0
TRAM,Beverwaard - Marconiplein,23,RET,48,0
TRAM,Beverwaard - Marconiplein,23,RET,48,0
TRAM,Beverwaard - Marconiplein,23,RET,48,0
BUS,Station Barendrecht - Zuidplein,84,RET,480,0
BUS,Station Barendrecht - Zuidplein,84,RET,480,0
BUS,Station Barendrecht - Zuidplein,84,RET,480,0
BUS,Overschie-Noordereiland,32,RET,5,0
BUS,Overschie-Noordereiland,32,RET,5,0
BUS,Overschie-Noordereiland,32,RET,5,0
TRAM,Carnisselande - Schiebroek,25,RET,50,0
TRAM,Carnisselande - Schiebroek,25,RET,50,0
TransportType,LineName,LinePublicNumber,DataOwnerCode,LinePlanningNumber,LineVeTagNumber
TRAM,Carnisselande - Schiebroek,25,RET,50,0
BUS,Zuidplein - Portland,82,RET,500,0
BUS,Zuidplein - Portland,82,RET,500,0
BUS,Zuidplein - Portland,82,RET,500,0
BUS,Station Schiedam - Maassluis,126,RET,580,0
BUS,Station Schiedam - Maassluis,126,RET,580,0
BUS,Zoetermeer - Station Rodenrijs,170,RET,581,0
BUS,Zoetermeer - Station Rodenrijs,170,RET,581,0
BUS,Zoetermeer - Station Rodenrijs,170,RET,581,0
BUS,Centraal Station - Rotterdam Airport,33,RET,6,0
BUS,Centraal Station - Rotterdam Airport,33,RET,6,0
BUS,Centraal Station - Rotterdam Airport,33,RET,6,0
BUS,Station Rodenrijs - Lansingerland,173,RET,600,0
BUS,Station Rodenrijs - Lansingerland,173,RET,600,0
BUS,Station Rodenrijs - Lansingerland,173,RET,600,0
BUS,Station Noord - Station Delft,174,RET,601,0
BUS,Station Noord - Station Delft,174,RET,601,0
BUS,Station Noord - Station Delft,174,RET,601,0
BUS,Kralingsezoom - Slikkerveer,140,RET,620,0
BUS,Zuidplein - Ridderkerk,143,RET,621,0
BUS,Zuidplein - Ridderkerk,143,RET,621,0
BUS,Zuidplein - Ridderkerk Drievliet,144,RET,622,0
BUS,Zuidplein - Ridderkerk Drievliet,144,RET,622,0
BUS,Zuidplein - Ridderkerk Drievliet,144,RET,622,0
BUS,Zuidplein - Ridderkerk Drievliet,146,RET,641,0
BUS,Zuidplein - Ridderkerk Drievliet,146,RET,641,0
BUS,Zuidplein - Ridderkerk Drievliet,146,RET,641,0
TransportType,LineName,LinePublicNumber,DataOwnerCode,LinePlanningNumber,LineVeTagNumber
BUS,Zuidplein - Kralingse Zoom,183,RET,642,0
BUS,Zuidplein - Kralingse Zoom,183,RET,642,0
BUS,Zuidplein - Barendrecht Bedrijventerrein,187,RET,644,0
BUS,Ridderkerk (Spinozastraat ) - Kralingsezoom,245,RET,645,0
BUS,Zuidplein - Ridderkerk ( Donkersloot ),290,RET,646,0
BUS,Station Melanchtonweg - Station Alexander,35,RET,7,0
BUS,Station Melanchtonweg - Station Alexander,35,RET,7,0
BUS,Station Melanchtonweg - Station Alexander,35,RET,7,0
BUS,Station Alexander - Station Kralingse Zoom,36,RET,8,0
BUS,Station Alexander - Station Kralingse Zoom,36,RET,8,0
BUS,Station Alexander - Station Kralingse Zoom,36,RET,8,0
TRAM,De Esch - Holy,24,RET,820,0
TRAM,De Esch - Holy,24,RET,820,0
TRAM,De Esch - Holy,24,RET,820,0
BUS,Station Alexander - Capelsebrug,37,RET,9,0
BUS,Station Alexander - Capelsebrug,37,RET,9,0
BUS,Pendelbus metro HVT-SLG,709,RET,943,0
BUS,Pendelbus metro HVT-SLG,709,RET,943,0
BUS,Pendelbus metro HVT-SLG,709,RET,943,0
BUS,Slinge - Kralingsezoom,283,RET,983,0
METRO,A lijn,A,RET,M006,0
METRO,A lijn,A,RET,M006,0
METRO,A lijn,A,RET,M006,0
TransportType,LineName,LinePublicNumber,DataOwnerCode,LinePlanningNumber,LineVeTagNumber
METRO,B lijn,B,RET,M007,0
METRO,B lijn,B,RET,M007,0
METRO,B lijn,B,RET,M007,0
METRO,C lijn,C,RET,M008,0
METRO,C lijn,C,RET,M008,0
METRO,C lijn,C,RET,M008,0
METRO,D lijn,D,RET,M009,0
METRO,D lijn,D,RET,M009,0
METRO,D lijn,D,RET,M009,0
METRO,E lijn,E,RET,M010,0
METRO,E lijn,E,RET,M010,0
TransportType,LineName,LinePublicNumber,DataOwnerCode,LinePlanningNumber,LineVeTagNumber
METRO,E lijn,E,RET,M010,0
BUS,Station Schiedam - Cs - Crooswijk,38,RET,10,0
BUS,Station Schiedam - Cs - Crooswijk,38,RET,10,0
BUS,Station Schiedam - Cs - Crooswijk,38,RET,10,0
BUS,Zuidplein - Centraal Station,44,RET,15,0
BUS,Zuidplein - Centraal Station,44,RET,15,0
BUS,Zuidplein - Centraal Station,44,RET,15,0
BUS,Kralingse Zoom - Keizerswaard,83,RET,192,0
BUS,Kralingse Zoom - Keizerswaard,83,RET,192,0
BUS,Kralingse Zoom - Keizerswaard,83,RET,192,0
BUS,Capelsebrug - Krimpen a/d IJssel,98,RET,205,0
BUS,Capelsebrug - Krimpen a/d IJssel,98,RET,205,0
BUS,Capelsebrug - Krimpen a/d IJssel,98,RET,205,0
BUS,Schiedam - Gorzen - Schiedam,54,RET,23,0
BUS,Schiedam - Gorzen - Schiedam,54,RET,23,0
BUS,Schiedam - Gorzen - Schiedam,54,RET,23,0
BUS,Vlaardingen West - Holy,56,RET,24,0
BUS,Vlaardingen West - Holy,56,RET,24,0
BUS,Vlaardingen West - Holy,56,RET,24,0
BUS,Station Alexander -Schollevaar,30,RET,3,0
BUS,Station Alexander -Schollevaar,30,RET,3,0
BUS,Station Alexander -Schollevaar,30,RET,3,0
BUS,Capelsebrug - Krimpen a/d IJssel,97,RET,380,0
BUS,Capelsebrug - Krimpen a/d IJssel,97,RET,380,0
BUS,Capelsebrug - Krimpen a/d IJssel,97,RET,380,0
BUS,Stat Alex - Oostgaarde - Stat Alex (Ringlijn),31,RET,4,0
BUS,Stat Alex - Oostgaarde - Stat Alex (Ringlijn),31,RET,4,0
BUS,Stat Alex - Oostgaarde - Stat Alex (Ringlijn),31,RET,4,0
BUS,Station Barendrecht - Zuidplein,84,RET,480,0
TransportType,LineName,LinePublicNumber,DataOwnerCode,LinePlanningNumber,LineVeTagNumber
BUS,Station Barendrecht - Zuidplein,84,RET,480,0
BUS,Station Barendrecht - Zuidplein,84,RET,480,0
BUS,Overschie-Noordereiland,32,RET,5,0
BUS,Overschie-Noordereiland,32,RET,5,0
BUS,Overschie-Noordereiland,32,RET,5,0
BUS,Zoetermeer - Station Rodenrijs,170,RET,581,0
BUS,Zoetermeer - Station Rodenrijs,170,RET,581,0
BUS,Zoetermeer - Station Rodenrijs,170,RET,581,0
BUS,Centraal Station - Rotterdam Airport,33,RET,6,0
BUS,Centraal Station - Rotterdam Airport,33,RET,6,0
BUS,Centraal Station - Rotterdam Airport,33,RET,6,0
BUS,Station Rodenrijs - Lansingerland,173,RET,600,0
BUS,Station Rodenrijs - Lansingerland,173,RET,600,0
BUS,Station Rodenrijs - Lansingerland,173,RET,600,0
BUS,Station Noord - Station Delft,174,RET,601,0
BUS,Station Noord - Station Delft,174,RET,601,0
BUS,Station Noord - Station Delft,174,RET,601,0
BUS,Zuidplein - Ridderkerk Drievliet,144,RET,622,0
BUS,Zuidplein - Ridderkerk Drievliet,144,RET,622,0
BUS,Zuidplein - Ridderkerk Drievliet,144,RET,622,0
TransportType,LineName,LinePublicNumber,DataOwnerCode,LinePlanningNumber,LineVeTagNumber
BUS,Zuidplein - Ridderkerk Drievliet,146,RET,641,0
BUS,Zuidplein - Ridderkerk Drievliet,146,RET,641,0
BUS,Zuidplein - Ridderkerk Drievliet,146,RET,641,0
BUS,Station Melanchtonweg - Station Alexander,35,RET,7,0
BUS,Station Melanchtonweg - Station Alexander,35,RET,7,0
BUS,Station Melanchtonweg - Station Alexander,35,RET,7,0
BUS,Station Alexander - Station Kralingse Zoom,36,RET,8,0
BUS,Station Alexander - Station Kralingse Zoom,36,RET,8,0
BUS,Station Alexander - Station Kralingse Zoom,36,RET,8,0
TRAM,Charlois - Keizerswaard,2,RET,42,0
TRAM,Charlois - Keizerswaard,2,RET,42,0
TRAM,Beverwaard - Marconiplein,23,RET,48,0
TRAM,Beverwaard - Marconiplein,23,RET,48,0
TRAM,Carnisselande - Schiebroek,25,RET,50,0
TRAM,Carnisselande - Schiebroek,25,RET,50,0
